threshold,bad_right,bad_total,accuracy0,good_right,good_total,accuracy1,pre_true,total,accuracy
0.0,0,55,0.0,66,66,1.0,66,121,0.5454545454545454
0.001,48,55,0.8727272727272727,65,66,0.9848484848484849,113,121,0.9338842975206612
0.002,48,55,0.8727272727272727,65,66,0.9848484848484849,113,121,0.9338842975206612
0.0030000000000000001,50,55,0.9090909090909091,65,66,0.9848484848484849,115,121,0.9504132231404959
0.0040000000000000001,50,55,0.9090909090909091,65,66,0.9848484848484849,115,121,0.9504132231404959
0.0050000000000000001,50,55,0.9090909090909091,64,66,0.9696969696969697,114,121,0.9421487603305785
0.0060000000000000001,50,55,0.9090909090909091,64,66,0.9696969696969697,114,121,0.9421487603305785
0.0070000000000000001,50,55,0.9090909090909091,64,66,0.9696969696969697,114,121,0.9421487603305785
0.0080000000000000002,50,55,0.9090909090909091,64,66,0.9696969696969697,114,121,0.9421487603305785
0.0090000000000000011,50,55,0.9090909090909091,64,66,0.9696969696969697,114,121,0.9421487603305785
0.01,50,55,0.9090909090909091,64,66,0.9696969696969697,114,121,0.9421487603305785
0.010999999999999999,50,55,0.9090909090909091,64,66,0.9696969696969697,114,121,0.9421487603305785
0.012,50,55,0.9090909090909091,63,66,0.9545454545454546,113,121,0.9338842975206612
0.013000000000000001,50,55,0.9090909090909091,63,66,0.9545454545454546,113,121,0.9338842975206612
0.014,50,55,0.9090909090909091,63,66,0.9545454545454546,113,121,0.9338842975206612
0.014999999999999999,50,55,0.9090909090909091,63,66,0.9545454545454546,113,121,0.9338842975206612
0.016,50,55,0.9090909090909091,63,66,0.9545454545454546,113,121,0.9338842975206612
0.017000000000000001,50,55,0.9090909090909091,63,66,0.9545454545454546,113,121,0.9338842975206612
0.018000000000000002,50,55,0.9090909090909091,63,66,0.9545454545454546,113,121,0.9338842975206612
0.019,50,55,0.9090909090909091,63,66,0.9545454545454546,113,121,0.9338842975206612
0.02,50,55,0.9090909090909091,63,66,0.9545454545454546,113,121,0.9338842975206612
0.021000000000000001,50,55,0.9090909090909091,63,66,0.9545454545454546,113,121,0.9338842975206612
0.021999999999999999,50,55,0.9090909090909091,63,66,0.9545454545454546,113,121,0.9338842975206612
0.023,50,55,0.9090909090909091,63,66,0.9545454545454546,113,121,0.9338842975206612
0.024,50,55,0.9090909090909091,63,66,0.9545454545454546,113,121,0.9338842975206612
0.025000000000000001,50,55,0.9090909090909091,63,66,0.9545454545454546,113,121,0.9338842975206612
0.026000000000000002,50,55,0.9090909090909091,63,66,0.9545454545454546,113,121,0.9338842975206612
0.027,50,55,0.9090909090909091,63,66,0.9545454545454546,113,121,0.9338842975206612
0.028000000000000001,50,55,0.9090909090909091,63,66,0.9545454545454546,113,121,0.9338842975206612
0.029000000000000001,50,55,0.9090909090909091,63,66,0.9545454545454546,113,121,0.9338842975206612
0.029999999999999999,50,55,0.9090909090909091,63,66,0.9545454545454546,113,121,0.9338842975206612
0.031,50,55,0.9090909090909091,63,66,0.9545454545454546,113,121,0.9338842975206612
0.032000000000000001,50,55,0.9090909090909091,63,66,0.9545454545454546,113,121,0.9338842975206612
0.033000000000000002,50,55,0.9090909090909091,63,66,0.9545454545454546,113,121,0.9338842975206612
0.034000000000000002,50,55,0.9090909090909091,63,66,0.9545454545454546,113,121,0.9338842975206612
0.035000000000000003,50,55,0.9090909090909091,63,66,0.9545454545454546,113,121,0.9338842975206612
0.036000000000000004,50,55,0.9090909090909091,63,66,0.9545454545454546,113,121,0.9338842975206612
0.036999999999999998,50,55,0.9090909090909091,63,66,0.9545454545454546,113,121,0.9338842975206612
0.037999999999999999,50,55,0.9090909090909091,63,66,0.9545454545454546,113,121,0.9338842975206612
0.039,50,55,0.9090909090909091,63,66,0.9545454545454546,113,121,0.9338842975206612
0.040000000000000001,51,55,0.9272727272727272,63,66,0.9545454545454546,114,121,0.9421487603305785
0.041000000000000002,51,55,0.9272727272727272,63,66,0.9545454545454546,114,121,0.9421487603305785
0.042000000000000003,51,55,0.9272727272727272,63,66,0.9545454545454546,114,121,0.9421487603305785
0.043000000000000003,51,55,0.9272727272727272,63,66,0.9545454545454546,114,121,0.9421487603305785
0.043999999999999997,51,55,0.9272727272727272,63,66,0.9545454545454546,114,121,0.9421487603305785
0.044999999999999998,51,55,0.9272727272727272,63,66,0.9545454545454546,114,121,0.9421487603305785
0.045999999999999999,51,55,0.9272727272727272,63,66,0.9545454545454546,114,121,0.9421487603305785
0.047,51,55,0.9272727272727272,63,66,0.9545454545454546,114,121,0.9421487603305785
0.048000000000000001,51,55,0.9272727272727272,63,66,0.9545454545454546,114,121,0.9421487603305785
0.049000000000000002,51,55,0.9272727272727272,63,66,0.9545454545454546,114,121,0.9421487603305785
0.050000000000000003,51,55,0.9272727272727272,63,66,0.9545454545454546,114,121,0.9421487603305785
0.051000000000000004,51,55,0.9272727272727272,63,66,0.9545454545454546,114,121,0.9421487603305785
0.052000000000000005,51,55,0.9272727272727272,63,66,0.9545454545454546,114,121,0.9421487603305785
0.052999999999999999,51,55,0.9272727272727272,63,66,0.9545454545454546,114,121,0.9421487603305785
0.053999999999999999,51,55,0.9272727272727272,63,66,0.9545454545454546,114,121,0.9421487603305785
0.055,51,55,0.9272727272727272,63,66,0.9545454545454546,114,121,0.9421487603305785
0.056000000000000001,51,55,0.9272727272727272,63,66,0.9545454545454546,114,121,0.9421487603305785
0.057000000000000002,51,55,0.9272727272727272,63,66,0.9545454545454546,114,121,0.9421487603305785
0.058000000000000003,51,55,0.9272727272727272,63,66,0.9545454545454546,114,121,0.9421487603305785
0.059000000000000004,51,55,0.9272727272727272,63,66,0.9545454545454546,114,121,0.9421487603305785
0.059999999999999998,51,55,0.9272727272727272,63,66,0.9545454545454546,114,121,0.9421487603305785
0.060999999999999999,51,55,0.9272727272727272,63,66,0.9545454545454546,114,121,0.9421487603305785
0.062,51,55,0.9272727272727272,63,66,0.9545454545454546,114,121,0.9421487603305785
0.063,51,55,0.9272727272727272,63,66,0.9545454545454546,114,121,0.9421487603305785
0.064000000000000001,51,55,0.9272727272727272,63,66,0.9545454545454546,114,121,0.9421487603305785
0.065000000000000002,51,55,0.9272727272727272,63,66,0.9545454545454546,114,121,0.9421487603305785
0.066000000000000003,51,55,0.9272727272727272,63,66,0.9545454545454546,114,121,0.9421487603305785
0.067000000000000004,51,55,0.9272727272727272,63,66,0.9545454545454546,114,121,0.9421487603305785
0.068000000000000005,51,55,0.9272727272727272,63,66,0.9545454545454546,114,121,0.9421487603305785
0.069000000000000006,51,55,0.9272727272727272,63,66,0.9545454545454546,114,121,0.9421487603305785
0.070000000000000007,51,55,0.9272727272727272,63,66,0.9545454545454546,114,121,0.9421487603305785
0.071000000000000008,51,55,0.9272727272727272,63,66,0.9545454545454546,114,121,0.9421487603305785
0.072000000000000008,51,55,0.9272727272727272,63,66,0.9545454545454546,114,121,0.9421487603305785
0.072999999999999995,51,55,0.9272727272727272,63,66,0.9545454545454546,114,121,0.9421487603305785
0.073999999999999996,51,55,0.9272727272727272,63,66,0.9545454545454546,114,121,0.9421487603305785
0.074999999999999997,51,55,0.9272727272727272,63,66,0.9545454545454546,114,121,0.9421487603305785
0.075999999999999998,51,55,0.9272727272727272,63,66,0.9545454545454546,114,121,0.9421487603305785
0.076999999999999999,51,55,0.9272727272727272,63,66,0.9545454545454546,114,121,0.9421487603305785
0.078,51,55,0.9272727272727272,63,66,0.9545454545454546,114,121,0.9421487603305785
0.079000000000000001,51,55,0.9272727272727272,63,66,0.9545454545454546,114,121,0.9421487603305785
0.080000000000000002,51,55,0.9272727272727272,63,66,0.9545454545454546,114,121,0.9421487603305785
0.081000000000000003,51,55,0.9272727272727272,63,66,0.9545454545454546,114,121,0.9421487603305785
0.082000000000000003,51,55,0.9272727272727272,63,66,0.9545454545454546,114,121,0.9421487603305785
0.083000000000000004,51,55,0.9272727272727272,63,66,0.9545454545454546,114,121,0.9421487603305785
0.084000000000000005,51,55,0.9272727272727272,63,66,0.9545454545454546,114,121,0.9421487603305785
0.085000000000000006,51,55,0.9272727272727272,63,66,0.9545454545454546,114,121,0.9421487603305785
0.086000000000000007,51,55,0.9272727272727272,63,66,0.9545454545454546,114,121,0.9421487603305785
0.087000000000000008,51,55,0.9272727272727272,63,66,0.9545454545454546,114,121,0.9421487603305785
0.087999999999999995,51,55,0.9272727272727272,63,66,0.9545454545454546,114,121,0.9421487603305785
0.088999999999999996,51,55,0.9272727272727272,63,66,0.9545454545454546,114,121,0.9421487603305785
0.089999999999999997,51,55,0.9272727272727272,63,66,0.9545454545454546,114,121,0.9421487603305785
0.090999999999999998,51,55,0.9272727272727272,63,66,0.9545454545454546,114,121,0.9421487603305785
0.091999999999999998,51,55,0.9272727272727272,63,66,0.9545454545454546,114,121,0.9421487603305785
0.092999999999999999,51,55,0.9272727272727272,63,66,0.9545454545454546,114,121,0.9421487603305785
0.094,51,55,0.9272727272727272,63,66,0.9545454545454546,114,121,0.9421487603305785
0.095000000000000001,51,55,0.9272727272727272,63,66,0.9545454545454546,114,121,0.9421487603305785
0.096000000000000002,51,55,0.9272727272727272,63,66,0.9545454545454546,114,121,0.9421487603305785
0.097000000000000003,51,55,0.9272727272727272,63,66,0.9545454545454546,114,121,0.9421487603305785
0.098000000000000004,51,55,0.9272727272727272,63,66,0.9545454545454546,114,121,0.9421487603305785
0.099000000000000005,51,55,0.9272727272727272,63,66,0.9545454545454546,114,121,0.9421487603305785
0.10000000000000001,51,55,0.9272727272727272,63,66,0.9545454545454546,114,121,0.9421487603305785
0.10100000000000001,51,55,0.9272727272727272,63,66,0.9545454545454546,114,121,0.9421487603305785
0.10200000000000001,51,55,0.9272727272727272,63,66,0.9545454545454546,114,121,0.9421487603305785
0.10300000000000001,51,55,0.9272727272727272,63,66,0.9545454545454546,114,121,0.9421487603305785
0.10400000000000001,51,55,0.9272727272727272,63,66,0.9545454545454546,114,121,0.9421487603305785
0.105,51,55,0.9272727272727272,63,66,0.9545454545454546,114,121,0.9421487603305785
0.106,51,55,0.9272727272727272,63,66,0.9545454545454546,114,121,0.9421487603305785
0.107,51,55,0.9272727272727272,63,66,0.9545454545454546,114,121,0.9421487603305785
0.108,51,55,0.9272727272727272,63,66,0.9545454545454546,114,121,0.9421487603305785
0.109,51,55,0.9272727272727272,63,66,0.9545454545454546,114,121,0.9421487603305785
0.11,51,55,0.9272727272727272,63,66,0.9545454545454546,114,121,0.9421487603305785
0.111,51,55,0.9272727272727272,63,66,0.9545454545454546,114,121,0.9421487603305785
0.112,51,55,0.9272727272727272,63,66,0.9545454545454546,114,121,0.9421487603305785
0.113,51,55,0.9272727272727272,63,66,0.9545454545454546,114,121,0.9421487603305785
0.114,51,55,0.9272727272727272,63,66,0.9545454545454546,114,121,0.9421487603305785
0.115,51,55,0.9272727272727272,63,66,0.9545454545454546,114,121,0.9421487603305785
0.11600000000000001,51,55,0.9272727272727272,63,66,0.9545454545454546,114,121,0.9421487603305785
0.11700000000000001,51,55,0.9272727272727272,63,66,0.9545454545454546,114,121,0.9421487603305785
0.11800000000000001,51,55,0.9272727272727272,63,66,0.9545454545454546,114,121,0.9421487603305785
0.11900000000000001,51,55,0.9272727272727272,63,66,0.9545454545454546,114,121,0.9421487603305785
0.12,51,55,0.9272727272727272,63,66,0.9545454545454546,114,121,0.9421487603305785
0.121,51,55,0.9272727272727272,63,66,0.9545454545454546,114,121,0.9421487603305785
0.122,51,55,0.9272727272727272,63,66,0.9545454545454546,114,121,0.9421487603305785
0.123,51,55,0.9272727272727272,63,66,0.9545454545454546,114,121,0.9421487603305785
0.124,51,55,0.9272727272727272,63,66,0.9545454545454546,114,121,0.9421487603305785
0.125,51,55,0.9272727272727272,63,66,0.9545454545454546,114,121,0.9421487603305785
0.126,51,55,0.9272727272727272,63,66,0.9545454545454546,114,121,0.9421487603305785
0.127,51,55,0.9272727272727272,63,66,0.9545454545454546,114,121,0.9421487603305785
0.128,51,55,0.9272727272727272,63,66,0.9545454545454546,114,121,0.9421487603305785
0.129,51,55,0.9272727272727272,63,66,0.9545454545454546,114,121,0.9421487603305785
0.13,51,55,0.9272727272727272,63,66,0.9545454545454546,114,121,0.9421487603305785
0.13100000000000001,51,55,0.9272727272727272,63,66,0.9545454545454546,114,121,0.9421487603305785
0.13200000000000001,51,55,0.9272727272727272,63,66,0.9545454545454546,114,121,0.9421487603305785
0.13300000000000001,51,55,0.9272727272727272,63,66,0.9545454545454546,114,121,0.9421487603305785
0.13400000000000001,51,55,0.9272727272727272,63,66,0.9545454545454546,114,121,0.9421487603305785
0.13500000000000001,51,55,0.9272727272727272,63,66,0.9545454545454546,114,121,0.9421487603305785
0.13600000000000001,51,55,0.9272727272727272,62,66,0.9393939393939394,113,121,0.9338842975206612
0.13700000000000001,51,55,0.9272727272727272,61,66,0.9242424242424242,112,121,0.9256198347107438
0.13800000000000001,51,55,0.9272727272727272,61,66,0.9242424242424242,112,121,0.9256198347107438
0.13900000000000001,51,55,0.9272727272727272,61,66,0.9242424242424242,112,121,0.9256198347107438
0.14000000000000001,51,55,0.9272727272727272,61,66,0.9242424242424242,112,121,0.9256198347107438
0.14100000000000001,51,55,0.9272727272727272,61,66,0.9242424242424242,112,121,0.9256198347107438
0.14200000000000002,51,55,0.9272727272727272,61,66,0.9242424242424242,112,121,0.9256198347107438
0.14300000000000002,51,55,0.9272727272727272,61,66,0.9242424242424242,112,121,0.9256198347107438
0.14400000000000002,51,55,0.9272727272727272,61,66,0.9242424242424242,112,121,0.9256198347107438
0.14499999999999999,51,55,0.9272727272727272,61,66,0.9242424242424242,112,121,0.9256198347107438
0.14599999999999999,51,55,0.9272727272727272,61,66,0.9242424242424242,112,121,0.9256198347107438
0.14699999999999999,51,55,0.9272727272727272,61,66,0.9242424242424242,112,121,0.9256198347107438
0.14799999999999999,51,55,0.9272727272727272,61,66,0.9242424242424242,112,121,0.9256198347107438
0.14899999999999999,51,55,0.9272727272727272,61,66,0.9242424242424242,112,121,0.9256198347107438
0.14999999999999999,51,55,0.9272727272727272,61,66,0.9242424242424242,112,121,0.9256198347107438
0.151,51,55,0.9272727272727272,61,66,0.9242424242424242,112,121,0.9256198347107438
0.152,51,55,0.9272727272727272,61,66,0.9242424242424242,112,121,0.9256198347107438
0.153,51,55,0.9272727272727272,61,66,0.9242424242424242,112,121,0.9256198347107438
0.154,51,55,0.9272727272727272,61,66,0.9242424242424242,112,121,0.9256198347107438
0.155,51,55,0.9272727272727272,61,66,0.9242424242424242,112,121,0.9256198347107438
0.156,51,55,0.9272727272727272,61,66,0.9242424242424242,112,121,0.9256198347107438
0.157,51,55,0.9272727272727272,61,66,0.9242424242424242,112,121,0.9256198347107438
0.158,51,55,0.9272727272727272,61,66,0.9242424242424242,112,121,0.9256198347107438
0.159,51,55,0.9272727272727272,61,66,0.9242424242424242,112,121,0.9256198347107438
0.16,51,55,0.9272727272727272,61,66,0.9242424242424242,112,121,0.9256198347107438
0.161,51,55,0.9272727272727272,61,66,0.9242424242424242,112,121,0.9256198347107438
0.16200000000000001,51,55,0.9272727272727272,61,66,0.9242424242424242,112,121,0.9256198347107438
0.16300000000000001,51,55,0.9272727272727272,61,66,0.9242424242424242,112,121,0.9256198347107438
0.16400000000000001,51,55,0.9272727272727272,61,66,0.9242424242424242,112,121,0.9256198347107438
0.16500000000000001,51,55,0.9272727272727272,61,66,0.9242424242424242,112,121,0.9256198347107438
0.16600000000000001,51,55,0.9272727272727272,61,66,0.9242424242424242,112,121,0.9256198347107438
0.16700000000000001,51,55,0.9272727272727272,61,66,0.9242424242424242,112,121,0.9256198347107438
0.16800000000000001,51,55,0.9272727272727272,61,66,0.9242424242424242,112,121,0.9256198347107438
0.16900000000000001,51,55,0.9272727272727272,61,66,0.9242424242424242,112,121,0.9256198347107438
0.17000000000000001,51,55,0.9272727272727272,61,66,0.9242424242424242,112,121,0.9256198347107438
0.17100000000000001,51,55,0.9272727272727272,61,66,0.9242424242424242,112,121,0.9256198347107438
0.17200000000000001,51,55,0.9272727272727272,61,66,0.9242424242424242,112,121,0.9256198347107438
0.17300000000000001,51,55,0.9272727272727272,61,66,0.9242424242424242,112,121,0.9256198347107438
0.17400000000000002,51,55,0.9272727272727272,61,66,0.9242424242424242,112,121,0.9256198347107438
0.17500000000000002,51,55,0.9272727272727272,61,66,0.9242424242424242,112,121,0.9256198347107438
0.17599999999999999,51,55,0.9272727272727272,61,66,0.9242424242424242,112,121,0.9256198347107438
0.17699999999999999,51,55,0.9272727272727272,61,66,0.9242424242424242,112,121,0.9256198347107438
0.17799999999999999,51,55,0.9272727272727272,61,66,0.9242424242424242,112,121,0.9256198347107438
0.17899999999999999,51,55,0.9272727272727272,61,66,0.9242424242424242,112,121,0.9256198347107438
0.17999999999999999,51,55,0.9272727272727272,61,66,0.9242424242424242,112,121,0.9256198347107438
0.18099999999999999,51,55,0.9272727272727272,61,66,0.9242424242424242,112,121,0.9256198347107438
0.182,51,55,0.9272727272727272,61,66,0.9242424242424242,112,121,0.9256198347107438
0.183,51,55,0.9272727272727272,61,66,0.9242424242424242,112,121,0.9256198347107438
0.184,51,55,0.9272727272727272,61,66,0.9242424242424242,112,121,0.9256198347107438
0.185,51,55,0.9272727272727272,61,66,0.9242424242424242,112,121,0.9256198347107438
0.186,51,55,0.9272727272727272,61,66,0.9242424242424242,112,121,0.9256198347107438
0.187,51,55,0.9272727272727272,60,66,0.9090909090909091,111,121,0.9173553719008265
0.188,51,55,0.9272727272727272,60,66,0.9090909090909091,111,121,0.9173553719008265
0.189,51,55,0.9272727272727272,60,66,0.9090909090909091,111,121,0.9173553719008265
0.19,51,55,0.9272727272727272,60,66,0.9090909090909091,111,121,0.9173553719008265
0.191,51,55,0.9272727272727272,60,66,0.9090909090909091,111,121,0.9173553719008265
0.192,51,55,0.9272727272727272,60,66,0.9090909090909091,111,121,0.9173553719008265
0.193,51,55,0.9272727272727272,60,66,0.9090909090909091,111,121,0.9173553719008265
0.19400000000000001,51,55,0.9272727272727272,60,66,0.9090909090909091,111,121,0.9173553719008265
0.19500000000000001,51,55,0.9272727272727272,60,66,0.9090909090909091,111,121,0.9173553719008265
0.19600000000000001,51,55,0.9272727272727272,60,66,0.9090909090909091,111,121,0.9173553719008265
0.19700000000000001,51,55,0.9272727272727272,60,66,0.9090909090909091,111,121,0.9173553719008265
0.19800000000000001,51,55,0.9272727272727272,60,66,0.9090909090909091,111,121,0.9173553719008265
0.19900000000000001,51,55,0.9272727272727272,60,66,0.9090909090909091,111,121,0.9173553719008265
0.20000000000000001,51,55,0.9272727272727272,60,66,0.9090909090909091,111,121,0.9173553719008265
0.20100000000000001,51,55,0.9272727272727272,60,66,0.9090909090909091,111,121,0.9173553719008265
0.20200000000000001,51,55,0.9272727272727272,60,66,0.9090909090909091,111,121,0.9173553719008265
0.20300000000000001,51,55,0.9272727272727272,60,66,0.9090909090909091,111,121,0.9173553719008265
0.20400000000000001,51,55,0.9272727272727272,60,66,0.9090909090909091,111,121,0.9173553719008265
0.20500000000000002,51,55,0.9272727272727272,60,66,0.9090909090909091,111,121,0.9173553719008265
0.20600000000000002,51,55,0.9272727272727272,60,66,0.9090909090909091,111,121,0.9173553719008265
0.20700000000000002,51,55,0.9272727272727272,60,66,0.9090909090909091,111,121,0.9173553719008265
0.20800000000000002,51,55,0.9272727272727272,60,66,0.9090909090909091,111,121,0.9173553719008265
0.20899999999999999,51,55,0.9272727272727272,60,66,0.9090909090909091,111,121,0.9173553719008265
0.20999999999999999,51,55,0.9272727272727272,60,66,0.9090909090909091,111,121,0.9173553719008265
0.21099999999999999,51,55,0.9272727272727272,60,66,0.9090909090909091,111,121,0.9173553719008265
0.21199999999999999,51,55,0.9272727272727272,60,66,0.9090909090909091,111,121,0.9173553719008265
0.21299999999999999,51,55,0.9272727272727272,60,66,0.9090909090909091,111,121,0.9173553719008265
0.214,51,55,0.9272727272727272,60,66,0.9090909090909091,111,121,0.9173553719008265
0.215,51,55,0.9272727272727272,60,66,0.9090909090909091,111,121,0.9173553719008265
0.216,51,55,0.9272727272727272,60,66,0.9090909090909091,111,121,0.9173553719008265
0.217,51,55,0.9272727272727272,60,66,0.9090909090909091,111,121,0.9173553719008265
0.218,51,55,0.9272727272727272,60,66,0.9090909090909091,111,121,0.9173553719008265
0.219,51,55,0.9272727272727272,60,66,0.9090909090909091,111,121,0.9173553719008265
0.22,51,55,0.9272727272727272,60,66,0.9090909090909091,111,121,0.9173553719008265
0.221,52,55,0.9454545454545454,60,66,0.9090909090909091,112,121,0.9256198347107438
0.222,52,55,0.9454545454545454,60,66,0.9090909090909091,112,121,0.9256198347107438
0.223,52,55,0.9454545454545454,60,66,0.9090909090909091,112,121,0.9256198347107438
0.224,52,55,0.9454545454545454,60,66,0.9090909090909091,112,121,0.9256198347107438
0.22500000000000001,52,55,0.9454545454545454,60,66,0.9090909090909091,112,121,0.9256198347107438
0.22600000000000001,52,55,0.9454545454545454,60,66,0.9090909090909091,112,121,0.9256198347107438
0.22700000000000001,52,55,0.9454545454545454,60,66,0.9090909090909091,112,121,0.9256198347107438
0.22800000000000001,52,55,0.9454545454545454,60,66,0.9090909090909091,112,121,0.9256198347107438
0.22900000000000001,52,55,0.9454545454545454,60,66,0.9090909090909091,112,121,0.9256198347107438
0.23000000000000001,52,55,0.9454545454545454,60,66,0.9090909090909091,112,121,0.9256198347107438
0.23100000000000001,52,55,0.9454545454545454,60,66,0.9090909090909091,112,121,0.9256198347107438
0.23200000000000001,52,55,0.9454545454545454,60,66,0.9090909090909091,112,121,0.9256198347107438
0.23300000000000001,52,55,0.9454545454545454,60,66,0.9090909090909091,112,121,0.9256198347107438
0.23400000000000001,52,55,0.9454545454545454,60,66,0.9090909090909091,112,121,0.9256198347107438
0.23500000000000001,52,55,0.9454545454545454,60,66,0.9090909090909091,112,121,0.9256198347107438
0.23600000000000002,52,55,0.9454545454545454,60,66,0.9090909090909091,112,121,0.9256198347107438
0.23700000000000002,52,55,0.9454545454545454,60,66,0.9090909090909091,112,121,0.9256198347107438
0.23800000000000002,52,55,0.9454545454545454,60,66,0.9090909090909091,112,121,0.9256198347107438
0.23900000000000002,52,55,0.9454545454545454,60,66,0.9090909090909091,112,121,0.9256198347107438
0.23999999999999999,52,55,0.9454545454545454,60,66,0.9090909090909091,112,121,0.9256198347107438
0.24099999999999999,52,55,0.9454545454545454,60,66,0.9090909090909091,112,121,0.9256198347107438
0.24199999999999999,52,55,0.9454545454545454,60,66,0.9090909090909091,112,121,0.9256198347107438
0.24299999999999999,52,55,0.9454545454545454,60,66,0.9090909090909091,112,121,0.9256198347107438
0.24399999999999999,52,55,0.9454545454545454,60,66,0.9090909090909091,112,121,0.9256198347107438
0.245,52,55,0.9454545454545454,60,66,0.9090909090909091,112,121,0.9256198347107438
0.246,52,55,0.9454545454545454,60,66,0.9090909090909091,112,121,0.9256198347107438
0.247,52,55,0.9454545454545454,60,66,0.9090909090909091,112,121,0.9256198347107438
0.248,52,55,0.9454545454545454,60,66,0.9090909090909091,112,121,0.9256198347107438
0.249,52,55,0.9454545454545454,60,66,0.9090909090909091,112,121,0.9256198347107438
0.25,52,55,0.9454545454545454,60,66,0.9090909090909091,112,121,0.9256198347107438
0.251,52,55,0.9454545454545454,60,66,0.9090909090909091,112,121,0.9256198347107438
0.252,52,55,0.9454545454545454,60,66,0.9090909090909091,112,121,0.9256198347107438
0.253,52,55,0.9454545454545454,60,66,0.9090909090909091,112,121,0.9256198347107438
0.254,52,55,0.9454545454545454,60,66,0.9090909090909091,112,121,0.9256198347107438
0.255,52,55,0.9454545454545454,60,66,0.9090909090909091,112,121,0.9256198347107438
0.25600000000000001,52,55,0.9454545454545454,60,66,0.9090909090909091,112,121,0.9256198347107438
0.25700000000000001,52,55,0.9454545454545454,60,66,0.9090909090909091,112,121,0.9256198347107438
0.25800000000000001,52,55,0.9454545454545454,60,66,0.9090909090909091,112,121,0.9256198347107438
0.25900000000000001,52,55,0.9454545454545454,60,66,0.9090909090909091,112,121,0.9256198347107438
0.26000000000000001,52,55,0.9454545454545454,60,66,0.9090909090909091,112,121,0.9256198347107438
0.26100000000000001,52,55,0.9454545454545454,60,66,0.9090909090909091,112,121,0.9256198347107438
0.26200000000000001,52,55,0.9454545454545454,60,66,0.9090909090909091,112,121,0.9256198347107438
0.26300000000000001,52,55,0.9454545454545454,60,66,0.9090909090909091,112,121,0.9256198347107438
0.26400000000000001,52,55,0.9454545454545454,60,66,0.9090909090909091,112,121,0.9256198347107438
0.26500000000000001,52,55,0.9454545454545454,60,66,0.9090909090909091,112,121,0.9256198347107438
0.26600000000000001,52,55,0.9454545454545454,60,66,0.9090909090909091,112,121,0.9256198347107438
0.26700000000000002,52,55,0.9454545454545454,60,66,0.9090909090909091,112,121,0.9256198347107438
0.26800000000000002,52,55,0.9454545454545454,60,66,0.9090909090909091,112,121,0.9256198347107438
0.26900000000000002,52,55,0.9454545454545454,60,66,0.9090909090909091,112,121,0.9256198347107438
0.27000000000000002,52,55,0.9454545454545454,60,66,0.9090909090909091,112,121,0.9256198347107438
0.27100000000000002,52,55,0.9454545454545454,60,66,0.9090909090909091,112,121,0.9256198347107438
0.27200000000000002,52,55,0.9454545454545454,60,66,0.9090909090909091,112,121,0.9256198347107438
0.27300000000000002,52,55,0.9454545454545454,60,66,0.9090909090909091,112,121,0.9256198347107438
0.27400000000000002,52,55,0.9454545454545454,60,66,0.9090909090909091,112,121,0.9256198347107438
0.27500000000000002,52,55,0.9454545454545454,60,66,0.9090909090909091,112,121,0.9256198347107438
0.27600000000000002,52,55,0.9454545454545454,60,66,0.9090909090909091,112,121,0.9256198347107438
0.27700000000000002,52,55,0.9454545454545454,60,66,0.9090909090909091,112,121,0.9256198347107438
0.27800000000000002,52,55,0.9454545454545454,60,66,0.9090909090909091,112,121,0.9256198347107438
0.27900000000000003,52,55,0.9454545454545454,60,66,0.9090909090909091,112,121,0.9256198347107438
0.28000000000000003,52,55,0.9454545454545454,60,66,0.9090909090909091,112,121,0.9256198347107438
0.28100000000000003,52,55,0.9454545454545454,60,66,0.9090909090909091,112,121,0.9256198347107438
0.28200000000000003,52,55,0.9454545454545454,60,66,0.9090909090909091,112,121,0.9256198347107438
0.28300000000000003,52,55,0.9454545454545454,60,66,0.9090909090909091,112,121,0.9256198347107438
0.28400000000000003,52,55,0.9454545454545454,60,66,0.9090909090909091,112,121,0.9256198347107438
0.28500000000000003,52,55,0.9454545454545454,60,66,0.9090909090909091,112,121,0.9256198347107438
0.28600000000000003,52,55,0.9454545454545454,60,66,0.9090909090909091,112,121,0.9256198347107438
0.28700000000000003,52,55,0.9454545454545454,60,66,0.9090909090909091,112,121,0.9256198347107438
0.28800000000000003,52,55,0.9454545454545454,60,66,0.9090909090909091,112,121,0.9256198347107438
0.28899999999999998,52,55,0.9454545454545454,60,66,0.9090909090909091,112,121,0.9256198347107438
0.28999999999999998,52,55,0.9454545454545454,60,66,0.9090909090909091,112,121,0.9256198347107438
0.29099999999999998,52,55,0.9454545454545454,60,66,0.9090909090909091,112,121,0.9256198347107438
0.29199999999999998,52,55,0.9454545454545454,60,66,0.9090909090909091,112,121,0.9256198347107438
0.29299999999999998,52,55,0.9454545454545454,60,66,0.9090909090909091,112,121,0.9256198347107438
0.29399999999999998,52,55,0.9454545454545454,60,66,0.9090909090909091,112,121,0.9256198347107438
0.29499999999999998,52,55,0.9454545454545454,60,66,0.9090909090909091,112,121,0.9256198347107438
0.29599999999999999,52,55,0.9454545454545454,60,66,0.9090909090909091,112,121,0.9256198347107438
0.29699999999999999,52,55,0.9454545454545454,60,66,0.9090909090909091,112,121,0.9256198347107438
0.29799999999999999,52,55,0.9454545454545454,60,66,0.9090909090909091,112,121,0.9256198347107438
0.29899999999999999,52,55,0.9454545454545454,60,66,0.9090909090909091,112,121,0.9256198347107438
0.29999999999999999,52,55,0.9454545454545454,60,66,0.9090909090909091,112,121,0.9256198347107438
0.30099999999999999,52,55,0.9454545454545454,60,66,0.9090909090909091,112,121,0.9256198347107438
0.30199999999999999,52,55,0.9454545454545454,60,66,0.9090909090909091,112,121,0.9256198347107438
0.30299999999999999,52,55,0.9454545454545454,60,66,0.9090909090909091,112,121,0.9256198347107438
0.30399999999999999,52,55,0.9454545454545454,60,66,0.9090909090909091,112,121,0.9256198347107438
0.30499999999999999,52,55,0.9454545454545454,60,66,0.9090909090909091,112,121,0.9256198347107438
0.30599999999999999,52,55,0.9454545454545454,60,66,0.9090909090909091,112,121,0.9256198347107438
0.307,52,55,0.9454545454545454,60,66,0.9090909090909091,112,121,0.9256198347107438
0.308,52,55,0.9454545454545454,60,66,0.9090909090909091,112,121,0.9256198347107438
0.309,52,55,0.9454545454545454,60,66,0.9090909090909091,112,121,0.9256198347107438
0.31,52,55,0.9454545454545454,60,66,0.9090909090909091,112,121,0.9256198347107438
0.311,52,55,0.9454545454545454,60,66,0.9090909090909091,112,121,0.9256198347107438
0.312,52,55,0.9454545454545454,60,66,0.9090909090909091,112,121,0.9256198347107438
0.313,52,55,0.9454545454545454,60,66,0.9090909090909091,112,121,0.9256198347107438
0.314,52,55,0.9454545454545454,60,66,0.9090909090909091,112,121,0.9256198347107438
0.315,52,55,0.9454545454545454,60,66,0.9090909090909091,112,121,0.9256198347107438
0.316,52,55,0.9454545454545454,60,66,0.9090909090909091,112,121,0.9256198347107438
0.317,52,55,0.9454545454545454,60,66,0.9090909090909091,112,121,0.9256198347107438
0.318,52,55,0.9454545454545454,60,66,0.9090909090909091,112,121,0.9256198347107438
0.31900000000000001,52,55,0.9454545454545454,60,66,0.9090909090909091,112,121,0.9256198347107438
0.32000000000000001,52,55,0.9454545454545454,60,66,0.9090909090909091,112,121,0.9256198347107438
0.32100000000000001,52,55,0.9454545454545454,60,66,0.9090909090909091,112,121,0.9256198347107438
0.32200000000000001,52,55,0.9454545454545454,60,66,0.9090909090909091,112,121,0.9256198347107438
0.32300000000000001,52,55,0.9454545454545454,60,66,0.9090909090909091,112,121,0.9256198347107438
0.32400000000000001,52,55,0.9454545454545454,60,66,0.9090909090909091,112,121,0.9256198347107438
0.32500000000000001,52,55,0.9454545454545454,60,66,0.9090909090909091,112,121,0.9256198347107438
0.32600000000000001,52,55,0.9454545454545454,60,66,0.9090909090909091,112,121,0.9256198347107438
0.32700000000000001,52,55,0.9454545454545454,60,66,0.9090909090909091,112,121,0.9256198347107438
0.32800000000000001,52,55,0.9454545454545454,60,66,0.9090909090909091,112,121,0.9256198347107438
0.32900000000000001,52,55,0.9454545454545454,60,66,0.9090909090909091,112,121,0.9256198347107438
0.33000000000000002,52,55,0.9454545454545454,60,66,0.9090909090909091,112,121,0.9256198347107438
0.33100000000000002,52,55,0.9454545454545454,60,66,0.9090909090909091,112,121,0.9256198347107438
0.33200000000000002,52,55,0.9454545454545454,60,66,0.9090909090909091,112,121,0.9256198347107438
0.33300000000000002,52,55,0.9454545454545454,60,66,0.9090909090909091,112,121,0.9256198347107438
0.33400000000000002,52,55,0.9454545454545454,60,66,0.9090909090909091,112,121,0.9256198347107438
0.33500000000000002,52,55,0.9454545454545454,60,66,0.9090909090909091,112,121,0.9256198347107438
0.33600000000000002,52,55,0.9454545454545454,60,66,0.9090909090909091,112,121,0.9256198347107438
0.33700000000000002,52,55,0.9454545454545454,60,66,0.9090909090909091,112,121,0.9256198347107438
0.33800000000000002,52,55,0.9454545454545454,60,66,0.9090909090909091,112,121,0.9256198347107438
0.33900000000000002,52,55,0.9454545454545454,60,66,0.9090909090909091,112,121,0.9256198347107438
0.34000000000000002,52,55,0.9454545454545454,60,66,0.9090909090909091,112,121,0.9256198347107438
0.34100000000000003,52,55,0.9454545454545454,60,66,0.9090909090909091,112,121,0.9256198347107438
0.34200000000000003,52,55,0.9454545454545454,60,66,0.9090909090909091,112,121,0.9256198347107438
0.34300000000000003,52,55,0.9454545454545454,60,66,0.9090909090909091,112,121,0.9256198347107438
0.34400000000000003,52,55,0.9454545454545454,60,66,0.9090909090909091,112,121,0.9256198347107438
0.34500000000000003,52,55,0.9454545454545454,60,66,0.9090909090909091,112,121,0.9256198347107438
0.34600000000000003,52,55,0.9454545454545454,60,66,0.9090909090909091,112,121,0.9256198347107438
0.34700000000000003,52,55,0.9454545454545454,60,66,0.9090909090909091,112,121,0.9256198347107438
0.34800000000000003,52,55,0.9454545454545454,60,66,0.9090909090909091,112,121,0.9256198347107438
0.34900000000000003,52,55,0.9454545454545454,60,66,0.9090909090909091,112,121,0.9256198347107438
0.35000000000000003,52,55,0.9454545454545454,60,66,0.9090909090909091,112,121,0.9256198347107438
0.35100000000000003,52,55,0.9454545454545454,60,66,0.9090909090909091,112,121,0.9256198347107438
0.35199999999999998,52,55,0.9454545454545454,60,66,0.9090909090909091,112,121,0.9256198347107438
0.35299999999999998,52,55,0.9454545454545454,60,66,0.9090909090909091,112,121,0.9256198347107438
0.35399999999999998,52,55,0.9454545454545454,60,66,0.9090909090909091,112,121,0.9256198347107438
0.35499999999999998,52,55,0.9454545454545454,60,66,0.9090909090909091,112,121,0.9256198347107438
0.35599999999999998,52,55,0.9454545454545454,60,66,0.9090909090909091,112,121,0.9256198347107438
0.35699999999999998,52,55,0.9454545454545454,60,66,0.9090909090909091,112,121,0.9256198347107438
0.35799999999999998,52,55,0.9454545454545454,60,66,0.9090909090909091,112,121,0.9256198347107438
0.35899999999999999,52,55,0.9454545454545454,60,66,0.9090909090909091,112,121,0.9256198347107438
0.35999999999999999,52,55,0.9454545454545454,60,66,0.9090909090909091,112,121,0.9256198347107438
0.36099999999999999,52,55,0.9454545454545454,60,66,0.9090909090909091,112,121,0.9256198347107438
0.36199999999999999,52,55,0.9454545454545454,60,66,0.9090909090909091,112,121,0.9256198347107438
0.36299999999999999,52,55,0.9454545454545454,60,66,0.9090909090909091,112,121,0.9256198347107438
0.36399999999999999,52,55,0.9454545454545454,60,66,0.9090909090909091,112,121,0.9256198347107438
0.36499999999999999,52,55,0.9454545454545454,60,66,0.9090909090909091,112,121,0.9256198347107438
0.36599999999999999,52,55,0.9454545454545454,60,66,0.9090909090909091,112,121,0.9256198347107438
0.36699999999999999,52,55,0.9454545454545454,60,66,0.9090909090909091,112,121,0.9256198347107438
0.36799999999999999,52,55,0.9454545454545454,60,66,0.9090909090909091,112,121,0.9256198347107438
0.36899999999999999,52,55,0.9454545454545454,60,66,0.9090909090909091,112,121,0.9256198347107438
0.37,52,55,0.9454545454545454,60,66,0.9090909090909091,112,121,0.9256198347107438
0.371,52,55,0.9454545454545454,59,66,0.8939393939393939,111,121,0.9173553719008265
0.372,52,55,0.9454545454545454,59,66,0.8939393939393939,111,121,0.9173553719008265
0.373,52,55,0.9454545454545454,59,66,0.8939393939393939,111,121,0.9173553719008265
0.374,52,55,0.9454545454545454,59,66,0.8939393939393939,111,121,0.9173553719008265
0.375,52,55,0.9454545454545454,59,66,0.8939393939393939,111,121,0.9173553719008265
0.376,52,55,0.9454545454545454,59,66,0.8939393939393939,111,121,0.9173553719008265
0.377,52,55,0.9454545454545454,59,66,0.8939393939393939,111,121,0.9173553719008265
0.378,52,55,0.9454545454545454,59,66,0.8939393939393939,111,121,0.9173553719008265
0.379,52,55,0.9454545454545454,59,66,0.8939393939393939,111,121,0.9173553719008265
0.38,52,55,0.9454545454545454,59,66,0.8939393939393939,111,121,0.9173553719008265
0.38100000000000001,52,55,0.9454545454545454,59,66,0.8939393939393939,111,121,0.9173553719008265
0.38200000000000001,52,55,0.9454545454545454,59,66,0.8939393939393939,111,121,0.9173553719008265
0.38300000000000001,52,55,0.9454545454545454,59,66,0.8939393939393939,111,121,0.9173553719008265
0.38400000000000001,52,55,0.9454545454545454,59,66,0.8939393939393939,111,121,0.9173553719008265
0.38500000000000001,52,55,0.9454545454545454,59,66,0.8939393939393939,111,121,0.9173553719008265
0.38600000000000001,52,55,0.9454545454545454,59,66,0.8939393939393939,111,121,0.9173553719008265
0.38700000000000001,52,55,0.9454545454545454,59,66,0.8939393939393939,111,121,0.9173553719008265
0.38800000000000001,52,55,0.9454545454545454,59,66,0.8939393939393939,111,121,0.9173553719008265
0.38900000000000001,52,55,0.9454545454545454,59,66,0.8939393939393939,111,121,0.9173553719008265
0.39000000000000001,52,55,0.9454545454545454,59,66,0.8939393939393939,111,121,0.9173553719008265
0.39100000000000001,52,55,0.9454545454545454,58,66,0.8787878787878788,110,121,0.9090909090909091
0.39200000000000002,52,55,0.9454545454545454,58,66,0.8787878787878788,110,121,0.9090909090909091
0.39300000000000002,52,55,0.9454545454545454,58,66,0.8787878787878788,110,121,0.9090909090909091
0.39400000000000002,52,55,0.9454545454545454,58,66,0.8787878787878788,110,121,0.9090909090909091
0.39500000000000002,52,55,0.9454545454545454,58,66,0.8787878787878788,110,121,0.9090909090909091
0.39600000000000002,52,55,0.9454545454545454,58,66,0.8787878787878788,110,121,0.9090909090909091
0.39700000000000002,52,55,0.9454545454545454,58,66,0.8787878787878788,110,121,0.9090909090909091
0.39800000000000002,53,55,0.9636363636363636,58,66,0.8787878787878788,111,121,0.9173553719008265
0.39900000000000002,53,55,0.9636363636363636,58,66,0.8787878787878788,111,121,0.9173553719008265
0.40000000000000002,53,55,0.9636363636363636,58,66,0.8787878787878788,111,121,0.9173553719008265
0.40100000000000002,53,55,0.9636363636363636,58,66,0.8787878787878788,111,121,0.9173553719008265
0.40200000000000002,53,55,0.9636363636363636,58,66,0.8787878787878788,111,121,0.9173553719008265
0.40300000000000002,53,55,0.9636363636363636,58,66,0.8787878787878788,111,121,0.9173553719008265
0.40400000000000003,53,55,0.9636363636363636,58,66,0.8787878787878788,111,121,0.9173553719008265
0.40500000000000003,53,55,0.9636363636363636,58,66,0.8787878787878788,111,121,0.9173553719008265
0.40600000000000003,53,55,0.9636363636363636,58,66,0.8787878787878788,111,121,0.9173553719008265
0.40700000000000003,53,55,0.9636363636363636,58,66,0.8787878787878788,111,121,0.9173553719008265
0.40800000000000003,53,55,0.9636363636363636,58,66,0.8787878787878788,111,121,0.9173553719008265
0.40900000000000003,53,55,0.9636363636363636,58,66,0.8787878787878788,111,121,0.9173553719008265
0.41000000000000003,53,55,0.9636363636363636,58,66,0.8787878787878788,111,121,0.9173553719008265
0.41100000000000003,53,55,0.9636363636363636,58,66,0.8787878787878788,111,121,0.9173553719008265
0.41200000000000003,53,55,0.9636363636363636,58,66,0.8787878787878788,111,121,0.9173553719008265
0.41300000000000003,53,55,0.9636363636363636,58,66,0.8787878787878788,111,121,0.9173553719008265
0.41400000000000003,53,55,0.9636363636363636,58,66,0.8787878787878788,111,121,0.9173553719008265
0.41500000000000004,53,55,0.9636363636363636,58,66,0.8787878787878788,111,121,0.9173553719008265
0.41600000000000004,53,55,0.9636363636363636,58,66,0.8787878787878788,111,121,0.9173553719008265
0.41699999999999998,53,55,0.9636363636363636,58,66,0.8787878787878788,111,121,0.9173553719008265
0.41799999999999998,53,55,0.9636363636363636,58,66,0.8787878787878788,111,121,0.9173553719008265
0.41899999999999998,53,55,0.9636363636363636,58,66,0.8787878787878788,111,121,0.9173553719008265
0.41999999999999998,53,55,0.9636363636363636,58,66,0.8787878787878788,111,121,0.9173553719008265
0.42099999999999999,53,55,0.9636363636363636,58,66,0.8787878787878788,111,121,0.9173553719008265
0.42199999999999999,53,55,0.9636363636363636,58,66,0.8787878787878788,111,121,0.9173553719008265
0.42299999999999999,53,55,0.9636363636363636,58,66,0.8787878787878788,111,121,0.9173553719008265
0.42399999999999999,53,55,0.9636363636363636,58,66,0.8787878787878788,111,121,0.9173553719008265
0.42499999999999999,53,55,0.9636363636363636,58,66,0.8787878787878788,111,121,0.9173553719008265
0.42599999999999999,53,55,0.9636363636363636,58,66,0.8787878787878788,111,121,0.9173553719008265
0.42699999999999999,53,55,0.9636363636363636,58,66,0.8787878787878788,111,121,0.9173553719008265
0.42799999999999999,53,55,0.9636363636363636,58,66,0.8787878787878788,111,121,0.9173553719008265
0.42899999999999999,53,55,0.9636363636363636,58,66,0.8787878787878788,111,121,0.9173553719008265
0.42999999999999999,53,55,0.9636363636363636,58,66,0.8787878787878788,111,121,0.9173553719008265
0.43099999999999999,53,55,0.9636363636363636,58,66,0.8787878787878788,111,121,0.9173553719008265
0.432,53,55,0.9636363636363636,58,66,0.8787878787878788,111,121,0.9173553719008265
0.433,53,55,0.9636363636363636,58,66,0.8787878787878788,111,121,0.9173553719008265
0.434,53,55,0.9636363636363636,58,66,0.8787878787878788,111,121,0.9173553719008265
0.435,53,55,0.9636363636363636,58,66,0.8787878787878788,111,121,0.9173553719008265
0.436,53,55,0.9636363636363636,58,66,0.8787878787878788,111,121,0.9173553719008265
0.437,53,55,0.9636363636363636,58,66,0.8787878787878788,111,121,0.9173553719008265
0.438,53,55,0.9636363636363636,58,66,0.8787878787878788,111,121,0.9173553719008265
0.439,53,55,0.9636363636363636,58,66,0.8787878787878788,111,121,0.9173553719008265
0.44,53,55,0.9636363636363636,58,66,0.8787878787878788,111,121,0.9173553719008265
0.441,53,55,0.9636363636363636,58,66,0.8787878787878788,111,121,0.9173553719008265
0.442,53,55,0.9636363636363636,58,66,0.8787878787878788,111,121,0.9173553719008265
0.443,53,55,0.9636363636363636,58,66,0.8787878787878788,111,121,0.9173553719008265
0.44400000000000001,53,55,0.9636363636363636,58,66,0.8787878787878788,111,121,0.9173553719008265
0.44500000000000001,53,55,0.9636363636363636,58,66,0.8787878787878788,111,121,0.9173553719008265
0.44600000000000001,53,55,0.9636363636363636,58,66,0.8787878787878788,111,121,0.9173553719008265
0.44700000000000001,53,55,0.9636363636363636,58,66,0.8787878787878788,111,121,0.9173553719008265
0.44800000000000001,53,55,0.9636363636363636,58,66,0.8787878787878788,111,121,0.9173553719008265
0.44900000000000001,53,55,0.9636363636363636,58,66,0.8787878787878788,111,121,0.9173553719008265
0.45000000000000001,53,55,0.9636363636363636,58,66,0.8787878787878788,111,121,0.9173553719008265
0.45100000000000001,53,55,0.9636363636363636,58,66,0.8787878787878788,111,121,0.9173553719008265
0.45200000000000001,53,55,0.9636363636363636,58,66,0.8787878787878788,111,121,0.9173553719008265
0.45300000000000001,53,55,0.9636363636363636,58,66,0.8787878787878788,111,121,0.9173553719008265
0.45400000000000001,53,55,0.9636363636363636,58,66,0.8787878787878788,111,121,0.9173553719008265
0.45500000000000002,53,55,0.9636363636363636,58,66,0.8787878787878788,111,121,0.9173553719008265
0.45600000000000002,53,55,0.9636363636363636,58,66,0.8787878787878788,111,121,0.9173553719008265
0.45700000000000002,53,55,0.9636363636363636,58,66,0.8787878787878788,111,121,0.9173553719008265
0.45800000000000002,53,55,0.9636363636363636,58,66,0.8787878787878788,111,121,0.9173553719008265
0.45900000000000002,53,55,0.9636363636363636,58,66,0.8787878787878788,111,121,0.9173553719008265
0.46000000000000002,53,55,0.9636363636363636,58,66,0.8787878787878788,111,121,0.9173553719008265
0.46100000000000002,53,55,0.9636363636363636,57,66,0.8636363636363636,110,121,0.9090909090909091
0.46200000000000002,53,55,0.9636363636363636,57,66,0.8636363636363636,110,121,0.9090909090909091
0.46300000000000002,53,55,0.9636363636363636,57,66,0.8636363636363636,110,121,0.9090909090909091
0.46400000000000002,53,55,0.9636363636363636,57,66,0.8636363636363636,110,121,0.9090909090909091
0.46500000000000002,53,55,0.9636363636363636,57,66,0.8636363636363636,110,121,0.9090909090909091
0.46600000000000003,53,55,0.9636363636363636,57,66,0.8636363636363636,110,121,0.9090909090909091
0.46700000000000003,53,55,0.9636363636363636,57,66,0.8636363636363636,110,121,0.9090909090909091
0.46800000000000003,53,55,0.9636363636363636,57,66,0.8636363636363636,110,121,0.9090909090909091
0.46900000000000003,53,55,0.9636363636363636,57,66,0.8636363636363636,110,121,0.9090909090909091
0.47000000000000003,53,55,0.9636363636363636,57,66,0.8636363636363636,110,121,0.9090909090909091
0.47100000000000003,53,55,0.9636363636363636,57,66,0.8636363636363636,110,121,0.9090909090909091
0.47200000000000003,53,55,0.9636363636363636,57,66,0.8636363636363636,110,121,0.9090909090909091
0.47300000000000003,53,55,0.9636363636363636,57,66,0.8636363636363636,110,121,0.9090909090909091
0.47400000000000003,53,55,0.9636363636363636,57,66,0.8636363636363636,110,121,0.9090909090909091
0.47500000000000003,53,55,0.9636363636363636,57,66,0.8636363636363636,110,121,0.9090909090909091
0.47600000000000003,53,55,0.9636363636363636,57,66,0.8636363636363636,110,121,0.9090909090909091
0.47700000000000004,53,55,0.9636363636363636,57,66,0.8636363636363636,110,121,0.9090909090909091
0.47800000000000004,53,55,0.9636363636363636,57,66,0.8636363636363636,110,121,0.9090909090909091
0.47900000000000004,53,55,0.9636363636363636,57,66,0.8636363636363636,110,121,0.9090909090909091
0.47999999999999998,53,55,0.9636363636363636,57,66,0.8636363636363636,110,121,0.9090909090909091
0.48099999999999998,53,55,0.9636363636363636,57,66,0.8636363636363636,110,121,0.9090909090909091
0.48199999999999998,53,55,0.9636363636363636,57,66,0.8636363636363636,110,121,0.9090909090909091
0.48299999999999998,53,55,0.9636363636363636,57,66,0.8636363636363636,110,121,0.9090909090909091
0.48399999999999999,53,55,0.9636363636363636,57,66,0.8636363636363636,110,121,0.9090909090909091
0.48499999999999999,53,55,0.9636363636363636,57,66,0.8636363636363636,110,121,0.9090909090909091
0.48599999999999999,53,55,0.9636363636363636,57,66,0.8636363636363636,110,121,0.9090909090909091
0.48699999999999999,53,55,0.9636363636363636,57,66,0.8636363636363636,110,121,0.9090909090909091
0.48799999999999999,53,55,0.9636363636363636,57,66,0.8636363636363636,110,121,0.9090909090909091
0.48899999999999999,53,55,0.9636363636363636,57,66,0.8636363636363636,110,121,0.9090909090909091
0.48999999999999999,53,55,0.9636363636363636,57,66,0.8636363636363636,110,121,0.9090909090909091
0.49099999999999999,53,55,0.9636363636363636,57,66,0.8636363636363636,110,121,0.9090909090909091
0.49199999999999999,53,55,0.9636363636363636,57,66,0.8636363636363636,110,121,0.9090909090909091
0.49299999999999999,53,55,0.9636363636363636,57,66,0.8636363636363636,110,121,0.9090909090909091
0.49399999999999999,53,55,0.9636363636363636,57,66,0.8636363636363636,110,121,0.9090909090909091
0.495,53,55,0.9636363636363636,57,66,0.8636363636363636,110,121,0.9090909090909091
0.496,53,55,0.9636363636363636,57,66,0.8636363636363636,110,121,0.9090909090909091
0.497,53,55,0.9636363636363636,57,66,0.8636363636363636,110,121,0.9090909090909091
0.498,53,55,0.9636363636363636,57,66,0.8636363636363636,110,121,0.9090909090909091
0.499,53,55,0.9636363636363636,57,66,0.8636363636363636,110,121,0.9090909090909091
0.5,53,55,0.9636363636363636,57,66,0.8636363636363636,110,121,0.9090909090909091
0.501,53,55,0.9636363636363636,57,66,0.8636363636363636,110,121,0.9090909090909091
0.502,53,55,0.9636363636363636,57,66,0.8636363636363636,110,121,0.9090909090909091
0.503,53,55,0.9636363636363636,57,66,0.8636363636363636,110,121,0.9090909090909091
0.504,53,55,0.9636363636363636,57,66,0.8636363636363636,110,121,0.9090909090909091
0.505,53,55,0.9636363636363636,57,66,0.8636363636363636,110,121,0.9090909090909091
0.50600000000000001,53,55,0.9636363636363636,57,66,0.8636363636363636,110,121,0.9090909090909091
0.50700000000000001,53,55,0.9636363636363636,57,66,0.8636363636363636,110,121,0.9090909090909091
0.50800000000000001,53,55,0.9636363636363636,57,66,0.8636363636363636,110,121,0.9090909090909091
0.50900000000000001,53,55,0.9636363636363636,57,66,0.8636363636363636,110,121,0.9090909090909091
0.51000000000000001,53,55,0.9636363636363636,57,66,0.8636363636363636,110,121,0.9090909090909091
0.51100000000000001,53,55,0.9636363636363636,57,66,0.8636363636363636,110,121,0.9090909090909091
0.51200000000000001,53,55,0.9636363636363636,57,66,0.8636363636363636,110,121,0.9090909090909091
0.51300000000000001,53,55,0.9636363636363636,57,66,0.8636363636363636,110,121,0.9090909090909091
0.51400000000000001,53,55,0.9636363636363636,57,66,0.8636363636363636,110,121,0.9090909090909091
0.51500000000000001,53,55,0.9636363636363636,57,66,0.8636363636363636,110,121,0.9090909090909091
0.51600000000000001,53,55,0.9636363636363636,57,66,0.8636363636363636,110,121,0.9090909090909091
0.51700000000000002,53,55,0.9636363636363636,57,66,0.8636363636363636,110,121,0.9090909090909091
0.51800000000000002,53,55,0.9636363636363636,57,66,0.8636363636363636,110,121,0.9090909090909091
0.51900000000000002,53,55,0.9636363636363636,57,66,0.8636363636363636,110,121,0.9090909090909091
0.52000000000000002,53,55,0.9636363636363636,57,66,0.8636363636363636,110,121,0.9090909090909091
0.52100000000000002,53,55,0.9636363636363636,57,66,0.8636363636363636,110,121,0.9090909090909091
0.52200000000000002,53,55,0.9636363636363636,57,66,0.8636363636363636,110,121,0.9090909090909091
0.52300000000000002,53,55,0.9636363636363636,57,66,0.8636363636363636,110,121,0.9090909090909091
0.52400000000000002,53,55,0.9636363636363636,57,66,0.8636363636363636,110,121,0.9090909090909091
0.52500000000000002,53,55,0.9636363636363636,57,66,0.8636363636363636,110,121,0.9090909090909091
0.52600000000000002,53,55,0.9636363636363636,57,66,0.8636363636363636,110,121,0.9090909090909091
0.52700000000000002,53,55,0.9636363636363636,57,66,0.8636363636363636,110,121,0.9090909090909091
0.52800000000000002,53,55,0.9636363636363636,57,66,0.8636363636363636,110,121,0.9090909090909091
0.52900000000000003,53,55,0.9636363636363636,57,66,0.8636363636363636,110,121,0.9090909090909091
0.53000000000000003,53,55,0.9636363636363636,57,66,0.8636363636363636,110,121,0.9090909090909091
0.53100000000000003,53,55,0.9636363636363636,57,66,0.8636363636363636,110,121,0.9090909090909091
0.53200000000000003,53,55,0.9636363636363636,57,66,0.8636363636363636,110,121,0.9090909090909091
0.53300000000000003,53,55,0.9636363636363636,57,66,0.8636363636363636,110,121,0.9090909090909091
0.53400000000000003,53,55,0.9636363636363636,57,66,0.8636363636363636,110,121,0.9090909090909091
0.53500000000000003,53,55,0.9636363636363636,57,66,0.8636363636363636,110,121,0.9090909090909091
0.53600000000000003,53,55,0.9636363636363636,57,66,0.8636363636363636,110,121,0.9090909090909091
0.53700000000000003,53,55,0.9636363636363636,57,66,0.8636363636363636,110,121,0.9090909090909091
0.53800000000000003,53,55,0.9636363636363636,57,66,0.8636363636363636,110,121,0.9090909090909091
0.53900000000000003,53,55,0.9636363636363636,57,66,0.8636363636363636,110,121,0.9090909090909091
0.54000000000000004,53,55,0.9636363636363636,57,66,0.8636363636363636,110,121,0.9090909090909091
0.54100000000000004,53,55,0.9636363636363636,57,66,0.8636363636363636,110,121,0.9090909090909091
0.54200000000000004,53,55,0.9636363636363636,57,66,0.8636363636363636,110,121,0.9090909090909091
0.54300000000000004,53,55,0.9636363636363636,57,66,0.8636363636363636,110,121,0.9090909090909091
0.54400000000000004,53,55,0.9636363636363636,57,66,0.8636363636363636,110,121,0.9090909090909091
0.54500000000000004,53,55,0.9636363636363636,57,66,0.8636363636363636,110,121,0.9090909090909091
0.54600000000000004,53,55,0.9636363636363636,57,66,0.8636363636363636,110,121,0.9090909090909091
0.54700000000000004,53,55,0.9636363636363636,57,66,0.8636363636363636,110,121,0.9090909090909091
0.54800000000000004,53,55,0.9636363636363636,57,66,0.8636363636363636,110,121,0.9090909090909091
0.54900000000000004,53,55,0.9636363636363636,57,66,0.8636363636363636,110,121,0.9090909090909091
0.55000000000000004,53,55,0.9636363636363636,57,66,0.8636363636363636,110,121,0.9090909090909091
0.55100000000000005,53,55,0.9636363636363636,57,66,0.8636363636363636,110,121,0.9090909090909091
0.55200000000000005,53,55,0.9636363636363636,57,66,0.8636363636363636,110,121,0.9090909090909091
0.55300000000000005,53,55,0.9636363636363636,57,66,0.8636363636363636,110,121,0.9090909090909091
0.55400000000000005,53,55,0.9636363636363636,57,66,0.8636363636363636,110,121,0.9090909090909091
0.55500000000000005,53,55,0.9636363636363636,57,66,0.8636363636363636,110,121,0.9090909090909091
0.55600000000000005,53,55,0.9636363636363636,57,66,0.8636363636363636,110,121,0.9090909090909091
0.55700000000000005,53,55,0.9636363636363636,57,66,0.8636363636363636,110,121,0.9090909090909091
0.55800000000000005,53,55,0.9636363636363636,57,66,0.8636363636363636,110,121,0.9090909090909091
0.55900000000000005,53,55,0.9636363636363636,57,66,0.8636363636363636,110,121,0.9090909090909091
0.56000000000000005,53,55,0.9636363636363636,57,66,0.8636363636363636,110,121,0.9090909090909091
0.56100000000000005,53,55,0.9636363636363636,57,66,0.8636363636363636,110,121,0.9090909090909091
0.56200000000000006,53,55,0.9636363636363636,57,66,0.8636363636363636,110,121,0.9090909090909091
0.56300000000000006,53,55,0.9636363636363636,57,66,0.8636363636363636,110,121,0.9090909090909091
0.56400000000000006,53,55,0.9636363636363636,57,66,0.8636363636363636,110,121,0.9090909090909091
0.56500000000000006,53,55,0.9636363636363636,57,66,0.8636363636363636,110,121,0.9090909090909091
0.56600000000000006,53,55,0.9636363636363636,57,66,0.8636363636363636,110,121,0.9090909090909091
0.56700000000000006,53,55,0.9636363636363636,57,66,0.8636363636363636,110,121,0.9090909090909091
0.56800000000000006,53,55,0.9636363636363636,57,66,0.8636363636363636,110,121,0.9090909090909091
0.56900000000000006,53,55,0.9636363636363636,57,66,0.8636363636363636,110,121,0.9090909090909091
0.57000000000000006,53,55,0.9636363636363636,57,66,0.8636363636363636,110,121,0.9090909090909091
0.57100000000000006,53,55,0.9636363636363636,57,66,0.8636363636363636,110,121,0.9090909090909091
0.57200000000000006,53,55,0.9636363636363636,57,66,0.8636363636363636,110,121,0.9090909090909091
0.57300000000000006,53,55,0.9636363636363636,57,66,0.8636363636363636,110,121,0.9090909090909091
0.57400000000000007,53,55,0.9636363636363636,57,66,0.8636363636363636,110,121,0.9090909090909091
0.57500000000000007,53,55,0.9636363636363636,57,66,0.8636363636363636,110,121,0.9090909090909091
0.57600000000000007,53,55,0.9636363636363636,57,66,0.8636363636363636,110,121,0.9090909090909091
0.57699999999999996,53,55,0.9636363636363636,57,66,0.8636363636363636,110,121,0.9090909090909091
0.57799999999999996,53,55,0.9636363636363636,57,66,0.8636363636363636,110,121,0.9090909090909091
0.57899999999999996,53,55,0.9636363636363636,57,66,0.8636363636363636,110,121,0.9090909090909091
0.57999999999999996,53,55,0.9636363636363636,57,66,0.8636363636363636,110,121,0.9090909090909091
0.58099999999999996,53,55,0.9636363636363636,57,66,0.8636363636363636,110,121,0.9090909090909091
0.58199999999999996,53,55,0.9636363636363636,57,66,0.8636363636363636,110,121,0.9090909090909091
0.58299999999999996,53,55,0.9636363636363636,57,66,0.8636363636363636,110,121,0.9090909090909091
0.58399999999999996,53,55,0.9636363636363636,57,66,0.8636363636363636,110,121,0.9090909090909091
0.58499999999999996,53,55,0.9636363636363636,57,66,0.8636363636363636,110,121,0.9090909090909091
0.58599999999999997,53,55,0.9636363636363636,57,66,0.8636363636363636,110,121,0.9090909090909091
0.58699999999999997,53,55,0.9636363636363636,57,66,0.8636363636363636,110,121,0.9090909090909091
0.58799999999999997,53,55,0.9636363636363636,57,66,0.8636363636363636,110,121,0.9090909090909091
0.58899999999999997,53,55,0.9636363636363636,57,66,0.8636363636363636,110,121,0.9090909090909091
0.58999999999999997,53,55,0.9636363636363636,57,66,0.8636363636363636,110,121,0.9090909090909091
0.59099999999999997,53,55,0.9636363636363636,57,66,0.8636363636363636,110,121,0.9090909090909091
0.59199999999999997,53,55,0.9636363636363636,57,66,0.8636363636363636,110,121,0.9090909090909091
0.59299999999999997,53,55,0.9636363636363636,57,66,0.8636363636363636,110,121,0.9090909090909091
0.59399999999999997,53,55,0.9636363636363636,57,66,0.8636363636363636,110,121,0.9090909090909091
0.59499999999999997,53,55,0.9636363636363636,57,66,0.8636363636363636,110,121,0.9090909090909091
0.59599999999999997,53,55,0.9636363636363636,57,66,0.8636363636363636,110,121,0.9090909090909091
0.59699999999999998,53,55,0.9636363636363636,57,66,0.8636363636363636,110,121,0.9090909090909091
0.59799999999999998,53,55,0.9636363636363636,57,66,0.8636363636363636,110,121,0.9090909090909091
0.59899999999999998,53,55,0.9636363636363636,57,66,0.8636363636363636,110,121,0.9090909090909091
0.59999999999999998,53,55,0.9636363636363636,57,66,0.8636363636363636,110,121,0.9090909090909091
0.60099999999999998,53,55,0.9636363636363636,57,66,0.8636363636363636,110,121,0.9090909090909091
0.60199999999999998,53,55,0.9636363636363636,57,66,0.8636363636363636,110,121,0.9090909090909091
0.60299999999999998,53,55,0.9636363636363636,57,66,0.8636363636363636,110,121,0.9090909090909091
0.60399999999999998,53,55,0.9636363636363636,57,66,0.8636363636363636,110,121,0.9090909090909091
0.60499999999999998,53,55,0.9636363636363636,57,66,0.8636363636363636,110,121,0.9090909090909091
0.60599999999999998,53,55,0.9636363636363636,57,66,0.8636363636363636,110,121,0.9090909090909091
0.60699999999999998,53,55,0.9636363636363636,57,66,0.8636363636363636,110,121,0.9090909090909091
0.60799999999999998,53,55,0.9636363636363636,57,66,0.8636363636363636,110,121,0.9090909090909091
0.60899999999999999,53,55,0.9636363636363636,57,66,0.8636363636363636,110,121,0.9090909090909091
0.60999999999999999,53,55,0.9636363636363636,57,66,0.8636363636363636,110,121,0.9090909090909091
0.61099999999999999,53,55,0.9636363636363636,57,66,0.8636363636363636,110,121,0.9090909090909091
0.61199999999999999,53,55,0.9636363636363636,57,66,0.8636363636363636,110,121,0.9090909090909091
0.61299999999999999,53,55,0.9636363636363636,57,66,0.8636363636363636,110,121,0.9090909090909091
0.61399999999999999,53,55,0.9636363636363636,57,66,0.8636363636363636,110,121,0.9090909090909091
0.61499999999999999,53,55,0.9636363636363636,57,66,0.8636363636363636,110,121,0.9090909090909091
0.61599999999999999,53,55,0.9636363636363636,57,66,0.8636363636363636,110,121,0.9090909090909091
0.61699999999999999,53,55,0.9636363636363636,57,66,0.8636363636363636,110,121,0.9090909090909091
0.61799999999999999,53,55,0.9636363636363636,57,66,0.8636363636363636,110,121,0.9090909090909091
0.61899999999999999,53,55,0.9636363636363636,57,66,0.8636363636363636,110,121,0.9090909090909091
0.62,53,55,0.9636363636363636,57,66,0.8636363636363636,110,121,0.9090909090909091
0.621,53,55,0.9636363636363636,57,66,0.8636363636363636,110,121,0.9090909090909091
0.622,53,55,0.9636363636363636,57,66,0.8636363636363636,110,121,0.9090909090909091
0.623,53,55,0.9636363636363636,57,66,0.8636363636363636,110,121,0.9090909090909091
0.624,53,55,0.9636363636363636,57,66,0.8636363636363636,110,121,0.9090909090909091
0.625,53,55,0.9636363636363636,57,66,0.8636363636363636,110,121,0.9090909090909091
0.626,53,55,0.9636363636363636,57,66,0.8636363636363636,110,121,0.9090909090909091
0.627,53,55,0.9636363636363636,57,66,0.8636363636363636,110,121,0.9090909090909091
0.628,53,55,0.9636363636363636,57,66,0.8636363636363636,110,121,0.9090909090909091
0.629,53,55,0.9636363636363636,57,66,0.8636363636363636,110,121,0.9090909090909091
0.63,53,55,0.9636363636363636,57,66,0.8636363636363636,110,121,0.9090909090909091
0.63100000000000001,53,55,0.9636363636363636,57,66,0.8636363636363636,110,121,0.9090909090909091
0.63200000000000001,53,55,0.9636363636363636,57,66,0.8636363636363636,110,121,0.9090909090909091
0.63300000000000001,53,55,0.9636363636363636,57,66,0.8636363636363636,110,121,0.9090909090909091
0.63400000000000001,53,55,0.9636363636363636,57,66,0.8636363636363636,110,121,0.9090909090909091
0.63500000000000001,53,55,0.9636363636363636,57,66,0.8636363636363636,110,121,0.9090909090909091
0.63600000000000001,53,55,0.9636363636363636,57,66,0.8636363636363636,110,121,0.9090909090909091
0.63700000000000001,53,55,0.9636363636363636,57,66,0.8636363636363636,110,121,0.9090909090909091
0.63800000000000001,53,55,0.9636363636363636,57,66,0.8636363636363636,110,121,0.9090909090909091
0.63900000000000001,53,55,0.9636363636363636,57,66,0.8636363636363636,110,121,0.9090909090909091
0.64000000000000001,53,55,0.9636363636363636,57,66,0.8636363636363636,110,121,0.9090909090909091
0.64100000000000001,53,55,0.9636363636363636,57,66,0.8636363636363636,110,121,0.9090909090909091
0.64200000000000002,53,55,0.9636363636363636,57,66,0.8636363636363636,110,121,0.9090909090909091
0.64300000000000002,53,55,0.9636363636363636,57,66,0.8636363636363636,110,121,0.9090909090909091
0.64400000000000002,53,55,0.9636363636363636,57,66,0.8636363636363636,110,121,0.9090909090909091
0.64500000000000002,53,55,0.9636363636363636,57,66,0.8636363636363636,110,121,0.9090909090909091
0.64600000000000002,53,55,0.9636363636363636,57,66,0.8636363636363636,110,121,0.9090909090909091
0.64700000000000002,53,55,0.9636363636363636,57,66,0.8636363636363636,110,121,0.9090909090909091
0.64800000000000002,53,55,0.9636363636363636,57,66,0.8636363636363636,110,121,0.9090909090909091
0.64900000000000002,53,55,0.9636363636363636,57,66,0.8636363636363636,110,121,0.9090909090909091
0.65000000000000002,53,55,0.9636363636363636,57,66,0.8636363636363636,110,121,0.9090909090909091
0.65100000000000002,53,55,0.9636363636363636,57,66,0.8636363636363636,110,121,0.9090909090909091
0.65200000000000002,53,55,0.9636363636363636,57,66,0.8636363636363636,110,121,0.9090909090909091
0.65300000000000002,53,55,0.9636363636363636,57,66,0.8636363636363636,110,121,0.9090909090909091
0.65400000000000003,53,55,0.9636363636363636,57,66,0.8636363636363636,110,121,0.9090909090909091
0.65500000000000003,53,55,0.9636363636363636,57,66,0.8636363636363636,110,121,0.9090909090909091
0.65600000000000003,53,55,0.9636363636363636,57,66,0.8636363636363636,110,121,0.9090909090909091
0.65700000000000003,53,55,0.9636363636363636,57,66,0.8636363636363636,110,121,0.9090909090909091
0.65800000000000003,53,55,0.9636363636363636,57,66,0.8636363636363636,110,121,0.9090909090909091
0.65900000000000003,53,55,0.9636363636363636,57,66,0.8636363636363636,110,121,0.9090909090909091
0.66000000000000003,53,55,0.9636363636363636,57,66,0.8636363636363636,110,121,0.9090909090909091
0.66100000000000003,53,55,0.9636363636363636,57,66,0.8636363636363636,110,121,0.9090909090909091
0.66200000000000003,53,55,0.9636363636363636,57,66,0.8636363636363636,110,121,0.9090909090909091
0.66300000000000003,53,55,0.9636363636363636,57,66,0.8636363636363636,110,121,0.9090909090909091
0.66400000000000003,53,55,0.9636363636363636,57,66,0.8636363636363636,110,121,0.9090909090909091
0.66500000000000004,53,55,0.9636363636363636,57,66,0.8636363636363636,110,121,0.9090909090909091
0.66600000000000004,53,55,0.9636363636363636,57,66,0.8636363636363636,110,121,0.9090909090909091
0.66700000000000004,53,55,0.9636363636363636,57,66,0.8636363636363636,110,121,0.9090909090909091
0.66800000000000004,53,55,0.9636363636363636,57,66,0.8636363636363636,110,121,0.9090909090909091
0.66900000000000004,53,55,0.9636363636363636,57,66,0.8636363636363636,110,121,0.9090909090909091
0.67000000000000004,53,55,0.9636363636363636,57,66,0.8636363636363636,110,121,0.9090909090909091
0.67100000000000004,53,55,0.9636363636363636,57,66,0.8636363636363636,110,121,0.9090909090909091
0.67200000000000004,53,55,0.9636363636363636,57,66,0.8636363636363636,110,121,0.9090909090909091
0.67300000000000004,53,55,0.9636363636363636,57,66,0.8636363636363636,110,121,0.9090909090909091
0.67400000000000004,53,55,0.9636363636363636,57,66,0.8636363636363636,110,121,0.9090909090909091
0.67500000000000004,53,55,0.9636363636363636,57,66,0.8636363636363636,110,121,0.9090909090909091
0.67600000000000005,53,55,0.9636363636363636,57,66,0.8636363636363636,110,121,0.9090909090909091
0.67700000000000005,53,55,0.9636363636363636,57,66,0.8636363636363636,110,121,0.9090909090909091
0.67800000000000005,53,55,0.9636363636363636,57,66,0.8636363636363636,110,121,0.9090909090909091
0.67900000000000005,53,55,0.9636363636363636,57,66,0.8636363636363636,110,121,0.9090909090909091
0.68000000000000005,53,55,0.9636363636363636,57,66,0.8636363636363636,110,121,0.9090909090909091
0.68100000000000005,53,55,0.9636363636363636,57,66,0.8636363636363636,110,121,0.9090909090909091
0.68200000000000005,53,55,0.9636363636363636,57,66,0.8636363636363636,110,121,0.9090909090909091
0.68300000000000005,53,55,0.9636363636363636,57,66,0.8636363636363636,110,121,0.9090909090909091
0.68400000000000005,53,55,0.9636363636363636,57,66,0.8636363636363636,110,121,0.9090909090909091
0.68500000000000005,53,55,0.9636363636363636,57,66,0.8636363636363636,110,121,0.9090909090909091
0.68600000000000005,53,55,0.9636363636363636,57,66,0.8636363636363636,110,121,0.9090909090909091
0.68700000000000006,53,55,0.9636363636363636,57,66,0.8636363636363636,110,121,0.9090909090909091
0.68800000000000006,53,55,0.9636363636363636,57,66,0.8636363636363636,110,121,0.9090909090909091
0.68900000000000006,53,55,0.9636363636363636,57,66,0.8636363636363636,110,121,0.9090909090909091
0.69000000000000006,53,55,0.9636363636363636,57,66,0.8636363636363636,110,121,0.9090909090909091
0.69100000000000006,53,55,0.9636363636363636,57,66,0.8636363636363636,110,121,0.9090909090909091
0.69200000000000006,53,55,0.9636363636363636,57,66,0.8636363636363636,110,121,0.9090909090909091
0.69300000000000006,53,55,0.9636363636363636,57,66,0.8636363636363636,110,121,0.9090909090909091
0.69400000000000006,54,55,0.9818181818181818,57,66,0.8636363636363636,111,121,0.9173553719008265
0.69500000000000006,54,55,0.9818181818181818,57,66,0.8636363636363636,111,121,0.9173553719008265
0.69600000000000006,54,55,0.9818181818181818,57,66,0.8636363636363636,111,121,0.9173553719008265
0.69700000000000006,54,55,0.9818181818181818,57,66,0.8636363636363636,111,121,0.9173553719008265
0.69800000000000006,54,55,0.9818181818181818,57,66,0.8636363636363636,111,121,0.9173553719008265
0.69900000000000007,54,55,0.9818181818181818,57,66,0.8636363636363636,111,121,0.9173553719008265
0.70000000000000007,54,55,0.9818181818181818,57,66,0.8636363636363636,111,121,0.9173553719008265
0.70100000000000007,54,55,0.9818181818181818,57,66,0.8636363636363636,111,121,0.9173553719008265
0.70200000000000007,54,55,0.9818181818181818,57,66,0.8636363636363636,111,121,0.9173553719008265
0.70300000000000007,54,55,0.9818181818181818,57,66,0.8636363636363636,111,121,0.9173553719008265
0.70399999999999996,54,55,0.9818181818181818,57,66,0.8636363636363636,111,121,0.9173553719008265
0.70499999999999996,54,55,0.9818181818181818,57,66,0.8636363636363636,111,121,0.9173553719008265
0.70599999999999996,54,55,0.9818181818181818,57,66,0.8636363636363636,111,121,0.9173553719008265
0.70699999999999996,54,55,0.9818181818181818,57,66,0.8636363636363636,111,121,0.9173553719008265
0.70799999999999996,54,55,0.9818181818181818,57,66,0.8636363636363636,111,121,0.9173553719008265
0.70899999999999996,54,55,0.9818181818181818,57,66,0.8636363636363636,111,121,0.9173553719008265
0.70999999999999996,54,55,0.9818181818181818,57,66,0.8636363636363636,111,121,0.9173553719008265
0.71099999999999997,54,55,0.9818181818181818,57,66,0.8636363636363636,111,121,0.9173553719008265
0.71199999999999997,54,55,0.9818181818181818,57,66,0.8636363636363636,111,121,0.9173553719008265
0.71299999999999997,54,55,0.9818181818181818,57,66,0.8636363636363636,111,121,0.9173553719008265
0.71399999999999997,54,55,0.9818181818181818,57,66,0.8636363636363636,111,121,0.9173553719008265
0.71499999999999997,54,55,0.9818181818181818,57,66,0.8636363636363636,111,121,0.9173553719008265
0.71599999999999997,54,55,0.9818181818181818,57,66,0.8636363636363636,111,121,0.9173553719008265
0.71699999999999997,54,55,0.9818181818181818,57,66,0.8636363636363636,111,121,0.9173553719008265
0.71799999999999997,54,55,0.9818181818181818,57,66,0.8636363636363636,111,121,0.9173553719008265
0.71899999999999997,54,55,0.9818181818181818,57,66,0.8636363636363636,111,121,0.9173553719008265
0.71999999999999997,54,55,0.9818181818181818,57,66,0.8636363636363636,111,121,0.9173553719008265
0.72099999999999997,54,55,0.9818181818181818,57,66,0.8636363636363636,111,121,0.9173553719008265
0.72199999999999998,54,55,0.9818181818181818,57,66,0.8636363636363636,111,121,0.9173553719008265
0.72299999999999998,54,55,0.9818181818181818,57,66,0.8636363636363636,111,121,0.9173553719008265
0.72399999999999998,54,55,0.9818181818181818,57,66,0.8636363636363636,111,121,0.9173553719008265
0.72499999999999998,54,55,0.9818181818181818,57,66,0.8636363636363636,111,121,0.9173553719008265
0.72599999999999998,54,55,0.9818181818181818,57,66,0.8636363636363636,111,121,0.9173553719008265
0.72699999999999998,54,55,0.9818181818181818,57,66,0.8636363636363636,111,121,0.9173553719008265
0.72799999999999998,54,55,0.9818181818181818,57,66,0.8636363636363636,111,121,0.9173553719008265
0.72899999999999998,54,55,0.9818181818181818,57,66,0.8636363636363636,111,121,0.9173553719008265
0.72999999999999998,54,55,0.9818181818181818,57,66,0.8636363636363636,111,121,0.9173553719008265
0.73099999999999998,54,55,0.9818181818181818,57,66,0.8636363636363636,111,121,0.9173553719008265
0.73199999999999998,54,55,0.9818181818181818,57,66,0.8636363636363636,111,121,0.9173553719008265
0.73299999999999998,54,55,0.9818181818181818,57,66,0.8636363636363636,111,121,0.9173553719008265
0.73399999999999999,54,55,0.9818181818181818,57,66,0.8636363636363636,111,121,0.9173553719008265
0.73499999999999999,54,55,0.9818181818181818,57,66,0.8636363636363636,111,121,0.9173553719008265
0.73599999999999999,54,55,0.9818181818181818,56,66,0.8484848484848485,110,121,0.9090909090909091
0.73699999999999999,54,55,0.9818181818181818,56,66,0.8484848484848485,110,121,0.9090909090909091
0.73799999999999999,54,55,0.9818181818181818,56,66,0.8484848484848485,110,121,0.9090909090909091
0.73899999999999999,54,55,0.9818181818181818,56,66,0.8484848484848485,110,121,0.9090909090909091
0.73999999999999999,54,55,0.9818181818181818,56,66,0.8484848484848485,110,121,0.9090909090909091
0.74099999999999999,54,55,0.9818181818181818,56,66,0.8484848484848485,110,121,0.9090909090909091
0.74199999999999999,54,55,0.9818181818181818,56,66,0.8484848484848485,110,121,0.9090909090909091
0.74299999999999999,54,55,0.9818181818181818,56,66,0.8484848484848485,110,121,0.9090909090909091
0.74399999999999999,54,55,0.9818181818181818,56,66,0.8484848484848485,110,121,0.9090909090909091
0.745,54,55,0.9818181818181818,56,66,0.8484848484848485,110,121,0.9090909090909091
0.746,54,55,0.9818181818181818,56,66,0.8484848484848485,110,121,0.9090909090909091
0.747,54,55,0.9818181818181818,56,66,0.8484848484848485,110,121,0.9090909090909091
0.748,54,55,0.9818181818181818,56,66,0.8484848484848485,110,121,0.9090909090909091
0.749,54,55,0.9818181818181818,56,66,0.8484848484848485,110,121,0.9090909090909091
0.75,54,55,0.9818181818181818,56,66,0.8484848484848485,110,121,0.9090909090909091
0.751,54,55,0.9818181818181818,56,66,0.8484848484848485,110,121,0.9090909090909091
0.752,54,55,0.9818181818181818,56,66,0.8484848484848485,110,121,0.9090909090909091
0.753,54,55,0.9818181818181818,56,66,0.8484848484848485,110,121,0.9090909090909091
0.754,54,55,0.9818181818181818,56,66,0.8484848484848485,110,121,0.9090909090909091
0.755,54,55,0.9818181818181818,56,66,0.8484848484848485,110,121,0.9090909090909091
0.75600000000000001,54,55,0.9818181818181818,56,66,0.8484848484848485,110,121,0.9090909090909091
0.75700000000000001,54,55,0.9818181818181818,56,66,0.8484848484848485,110,121,0.9090909090909091
0.75800000000000001,54,55,0.9818181818181818,56,66,0.8484848484848485,110,121,0.9090909090909091
0.75900000000000001,54,55,0.9818181818181818,56,66,0.8484848484848485,110,121,0.9090909090909091
0.76000000000000001,54,55,0.9818181818181818,56,66,0.8484848484848485,110,121,0.9090909090909091
0.76100000000000001,54,55,0.9818181818181818,56,66,0.8484848484848485,110,121,0.9090909090909091
0.76200000000000001,54,55,0.9818181818181818,56,66,0.8484848484848485,110,121,0.9090909090909091
0.76300000000000001,54,55,0.9818181818181818,56,66,0.8484848484848485,110,121,0.9090909090909091
0.76400000000000001,54,55,0.9818181818181818,56,66,0.8484848484848485,110,121,0.9090909090909091
0.76500000000000001,54,55,0.9818181818181818,56,66,0.8484848484848485,110,121,0.9090909090909091
0.76600000000000001,54,55,0.9818181818181818,56,66,0.8484848484848485,110,121,0.9090909090909091
0.76700000000000002,54,55,0.9818181818181818,56,66,0.8484848484848485,110,121,0.9090909090909091
0.76800000000000002,54,55,0.9818181818181818,56,66,0.8484848484848485,110,121,0.9090909090909091
0.76900000000000002,54,55,0.9818181818181818,56,66,0.8484848484848485,110,121,0.9090909090909091
0.77000000000000002,54,55,0.9818181818181818,56,66,0.8484848484848485,110,121,0.9090909090909091
0.77100000000000002,54,55,0.9818181818181818,56,66,0.8484848484848485,110,121,0.9090909090909091
0.77200000000000002,54,55,0.9818181818181818,56,66,0.8484848484848485,110,121,0.9090909090909091
0.77300000000000002,54,55,0.9818181818181818,56,66,0.8484848484848485,110,121,0.9090909090909091
0.77400000000000002,54,55,0.9818181818181818,56,66,0.8484848484848485,110,121,0.9090909090909091
0.77500000000000002,54,55,0.9818181818181818,56,66,0.8484848484848485,110,121,0.9090909090909091
0.77600000000000002,54,55,0.9818181818181818,56,66,0.8484848484848485,110,121,0.9090909090909091
0.77700000000000002,54,55,0.9818181818181818,56,66,0.8484848484848485,110,121,0.9090909090909091
0.77800000000000002,54,55,0.9818181818181818,56,66,0.8484848484848485,110,121,0.9090909090909091
0.77900000000000003,54,55,0.9818181818181818,56,66,0.8484848484848485,110,121,0.9090909090909091
0.78000000000000003,54,55,0.9818181818181818,56,66,0.8484848484848485,110,121,0.9090909090909091
0.78100000000000003,54,55,0.9818181818181818,56,66,0.8484848484848485,110,121,0.9090909090909091
0.78200000000000003,54,55,0.9818181818181818,56,66,0.8484848484848485,110,121,0.9090909090909091
0.78300000000000003,54,55,0.9818181818181818,56,66,0.8484848484848485,110,121,0.9090909090909091
0.78400000000000003,54,55,0.9818181818181818,56,66,0.8484848484848485,110,121,0.9090909090909091
0.78500000000000003,54,55,0.9818181818181818,56,66,0.8484848484848485,110,121,0.9090909090909091
0.78600000000000003,54,55,0.9818181818181818,56,66,0.8484848484848485,110,121,0.9090909090909091
0.78700000000000003,54,55,0.9818181818181818,56,66,0.8484848484848485,110,121,0.9090909090909091
0.78800000000000003,54,55,0.9818181818181818,56,66,0.8484848484848485,110,121,0.9090909090909091
0.78900000000000003,54,55,0.9818181818181818,56,66,0.8484848484848485,110,121,0.9090909090909091
0.79000000000000004,54,55,0.9818181818181818,56,66,0.8484848484848485,110,121,0.9090909090909091
0.79100000000000004,54,55,0.9818181818181818,56,66,0.8484848484848485,110,121,0.9090909090909091
0.79200000000000004,54,55,0.9818181818181818,56,66,0.8484848484848485,110,121,0.9090909090909091
0.79300000000000004,54,55,0.9818181818181818,56,66,0.8484848484848485,110,121,0.9090909090909091
0.79400000000000004,54,55,0.9818181818181818,56,66,0.8484848484848485,110,121,0.9090909090909091
0.79500000000000004,54,55,0.9818181818181818,56,66,0.8484848484848485,110,121,0.9090909090909091
0.79600000000000004,54,55,0.9818181818181818,56,66,0.8484848484848485,110,121,0.9090909090909091
0.79700000000000004,54,55,0.9818181818181818,56,66,0.8484848484848485,110,121,0.9090909090909091
0.79800000000000004,54,55,0.9818181818181818,56,66,0.8484848484848485,110,121,0.9090909090909091
0.79900000000000004,54,55,0.9818181818181818,56,66,0.8484848484848485,110,121,0.9090909090909091
0.80000000000000004,54,55,0.9818181818181818,56,66,0.8484848484848485,110,121,0.9090909090909091
0.80100000000000005,54,55,0.9818181818181818,56,66,0.8484848484848485,110,121,0.9090909090909091
0.80200000000000005,54,55,0.9818181818181818,56,66,0.8484848484848485,110,121,0.9090909090909091
0.80300000000000005,54,55,0.9818181818181818,56,66,0.8484848484848485,110,121,0.9090909090909091
0.80400000000000005,54,55,0.9818181818181818,56,66,0.8484848484848485,110,121,0.9090909090909091
0.80500000000000005,54,55,0.9818181818181818,56,66,0.8484848484848485,110,121,0.9090909090909091
0.80600000000000005,54,55,0.9818181818181818,56,66,0.8484848484848485,110,121,0.9090909090909091
0.80700000000000005,54,55,0.9818181818181818,56,66,0.8484848484848485,110,121,0.9090909090909091
0.80800000000000005,54,55,0.9818181818181818,56,66,0.8484848484848485,110,121,0.9090909090909091
0.80900000000000005,54,55,0.9818181818181818,56,66,0.8484848484848485,110,121,0.9090909090909091
0.81000000000000005,54,55,0.9818181818181818,56,66,0.8484848484848485,110,121,0.9090909090909091
0.81100000000000005,54,55,0.9818181818181818,56,66,0.8484848484848485,110,121,0.9090909090909091
0.81200000000000006,54,55,0.9818181818181818,56,66,0.8484848484848485,110,121,0.9090909090909091
0.81300000000000006,54,55,0.9818181818181818,56,66,0.8484848484848485,110,121,0.9090909090909091
0.81400000000000006,54,55,0.9818181818181818,56,66,0.8484848484848485,110,121,0.9090909090909091
0.81500000000000006,54,55,0.9818181818181818,56,66,0.8484848484848485,110,121,0.9090909090909091
0.81600000000000006,54,55,0.9818181818181818,56,66,0.8484848484848485,110,121,0.9090909090909091
0.81700000000000006,54,55,0.9818181818181818,56,66,0.8484848484848485,110,121,0.9090909090909091
0.81800000000000006,54,55,0.9818181818181818,56,66,0.8484848484848485,110,121,0.9090909090909091
0.81900000000000006,54,55,0.9818181818181818,56,66,0.8484848484848485,110,121,0.9090909090909091
0.82000000000000006,54,55,0.9818181818181818,56,66,0.8484848484848485,110,121,0.9090909090909091
0.82100000000000006,54,55,0.9818181818181818,56,66,0.8484848484848485,110,121,0.9090909090909091
0.82200000000000006,54,55,0.9818181818181818,56,66,0.8484848484848485,110,121,0.9090909090909091
0.82300000000000006,54,55,0.9818181818181818,56,66,0.8484848484848485,110,121,0.9090909090909091
0.82400000000000007,54,55,0.9818181818181818,56,66,0.8484848484848485,110,121,0.9090909090909091
0.82500000000000007,54,55,0.9818181818181818,56,66,0.8484848484848485,110,121,0.9090909090909091
0.82600000000000007,54,55,0.9818181818181818,56,66,0.8484848484848485,110,121,0.9090909090909091
0.82700000000000007,54,55,0.9818181818181818,56,66,0.8484848484848485,110,121,0.9090909090909091
0.82800000000000007,54,55,0.9818181818181818,56,66,0.8484848484848485,110,121,0.9090909090909091
0.82900000000000007,54,55,0.9818181818181818,56,66,0.8484848484848485,110,121,0.9090909090909091
0.83000000000000007,54,55,0.9818181818181818,56,66,0.8484848484848485,110,121,0.9090909090909091
0.83100000000000007,54,55,0.9818181818181818,56,66,0.8484848484848485,110,121,0.9090909090909091
0.83200000000000007,54,55,0.9818181818181818,56,66,0.8484848484848485,110,121,0.9090909090909091
0.83299999999999996,54,55,0.9818181818181818,56,66,0.8484848484848485,110,121,0.9090909090909091
0.83399999999999996,54,55,0.9818181818181818,56,66,0.8484848484848485,110,121,0.9090909090909091
0.83499999999999996,54,55,0.9818181818181818,56,66,0.8484848484848485,110,121,0.9090909090909091
0.83599999999999997,54,55,0.9818181818181818,56,66,0.8484848484848485,110,121,0.9090909090909091
0.83699999999999997,54,55,0.9818181818181818,56,66,0.8484848484848485,110,121,0.9090909090909091
0.83799999999999997,54,55,0.9818181818181818,56,66,0.8484848484848485,110,121,0.9090909090909091
0.83899999999999997,54,55,0.9818181818181818,56,66,0.8484848484848485,110,121,0.9090909090909091
0.83999999999999997,54,55,0.9818181818181818,56,66,0.8484848484848485,110,121,0.9090909090909091
0.84099999999999997,54,55,0.9818181818181818,56,66,0.8484848484848485,110,121,0.9090909090909091
0.84199999999999997,54,55,0.9818181818181818,56,66,0.8484848484848485,110,121,0.9090909090909091
0.84299999999999997,54,55,0.9818181818181818,56,66,0.8484848484848485,110,121,0.9090909090909091
0.84399999999999997,54,55,0.9818181818181818,56,66,0.8484848484848485,110,121,0.9090909090909091
0.84499999999999997,54,55,0.9818181818181818,56,66,0.8484848484848485,110,121,0.9090909090909091
0.84599999999999997,54,55,0.9818181818181818,56,66,0.8484848484848485,110,121,0.9090909090909091
0.84699999999999998,54,55,0.9818181818181818,56,66,0.8484848484848485,110,121,0.9090909090909091
0.84799999999999998,54,55,0.9818181818181818,56,66,0.8484848484848485,110,121,0.9090909090909091
0.84899999999999998,54,55,0.9818181818181818,56,66,0.8484848484848485,110,121,0.9090909090909091
0.84999999999999998,54,55,0.9818181818181818,56,66,0.8484848484848485,110,121,0.9090909090909091
0.85099999999999998,54,55,0.9818181818181818,56,66,0.8484848484848485,110,121,0.9090909090909091
0.85199999999999998,54,55,0.9818181818181818,56,66,0.8484848484848485,110,121,0.9090909090909091
0.85299999999999998,54,55,0.9818181818181818,56,66,0.8484848484848485,110,121,0.9090909090909091
0.85399999999999998,54,55,0.9818181818181818,56,66,0.8484848484848485,110,121,0.9090909090909091
0.85499999999999998,54,55,0.9818181818181818,56,66,0.8484848484848485,110,121,0.9090909090909091
0.85599999999999998,54,55,0.9818181818181818,56,66,0.8484848484848485,110,121,0.9090909090909091
0.85699999999999998,54,55,0.9818181818181818,56,66,0.8484848484848485,110,121,0.9090909090909091
0.85799999999999998,54,55,0.9818181818181818,56,66,0.8484848484848485,110,121,0.9090909090909091
0.85899999999999999,54,55,0.9818181818181818,56,66,0.8484848484848485,110,121,0.9090909090909091
0.85999999999999999,54,55,0.9818181818181818,56,66,0.8484848484848485,110,121,0.9090909090909091
0.86099999999999999,54,55,0.9818181818181818,56,66,0.8484848484848485,110,121,0.9090909090909091
0.86199999999999999,54,55,0.9818181818181818,56,66,0.8484848484848485,110,121,0.9090909090909091
0.86299999999999999,54,55,0.9818181818181818,56,66,0.8484848484848485,110,121,0.9090909090909091
0.86399999999999999,54,55,0.9818181818181818,56,66,0.8484848484848485,110,121,0.9090909090909091
0.86499999999999999,54,55,0.9818181818181818,56,66,0.8484848484848485,110,121,0.9090909090909091
0.86599999999999999,54,55,0.9818181818181818,56,66,0.8484848484848485,110,121,0.9090909090909091
0.86699999999999999,54,55,0.9818181818181818,56,66,0.8484848484848485,110,121,0.9090909090909091
0.86799999999999999,54,55,0.9818181818181818,56,66,0.8484848484848485,110,121,0.9090909090909091
0.86899999999999999,54,55,0.9818181818181818,56,66,0.8484848484848485,110,121,0.9090909090909091
0.87,54,55,0.9818181818181818,56,66,0.8484848484848485,110,121,0.9090909090909091
0.871,54,55,0.9818181818181818,56,66,0.8484848484848485,110,121,0.9090909090909091
0.872,54,55,0.9818181818181818,56,66,0.8484848484848485,110,121,0.9090909090909091
0.873,54,55,0.9818181818181818,56,66,0.8484848484848485,110,121,0.9090909090909091
0.874,54,55,0.9818181818181818,56,66,0.8484848484848485,110,121,0.9090909090909091
0.875,54,55,0.9818181818181818,56,66,0.8484848484848485,110,121,0.9090909090909091
0.876,54,55,0.9818181818181818,56,66,0.8484848484848485,110,121,0.9090909090909091
0.877,54,55,0.9818181818181818,56,66,0.8484848484848485,110,121,0.9090909090909091
0.878,54,55,0.9818181818181818,56,66,0.8484848484848485,110,121,0.9090909090909091
0.879,54,55,0.9818181818181818,56,66,0.8484848484848485,110,121,0.9090909090909091
0.88,54,55,0.9818181818181818,56,66,0.8484848484848485,110,121,0.9090909090909091
0.88100000000000001,54,55,0.9818181818181818,56,66,0.8484848484848485,110,121,0.9090909090909091
0.88200000000000001,54,55,0.9818181818181818,56,66,0.8484848484848485,110,121,0.9090909090909091
0.88300000000000001,54,55,0.9818181818181818,56,66,0.8484848484848485,110,121,0.9090909090909091
0.88400000000000001,54,55,0.9818181818181818,56,66,0.8484848484848485,110,121,0.9090909090909091
0.88500000000000001,54,55,0.9818181818181818,56,66,0.8484848484848485,110,121,0.9090909090909091
0.88600000000000001,54,55,0.9818181818181818,56,66,0.8484848484848485,110,121,0.9090909090909091
0.88700000000000001,54,55,0.9818181818181818,56,66,0.8484848484848485,110,121,0.9090909090909091
0.88800000000000001,54,55,0.9818181818181818,56,66,0.8484848484848485,110,121,0.9090909090909091
0.88900000000000001,54,55,0.9818181818181818,56,66,0.8484848484848485,110,121,0.9090909090909091
0.89000000000000001,54,55,0.9818181818181818,56,66,0.8484848484848485,110,121,0.9090909090909091
0.89100000000000001,54,55,0.9818181818181818,56,66,0.8484848484848485,110,121,0.9090909090909091
0.89200000000000002,54,55,0.9818181818181818,56,66,0.8484848484848485,110,121,0.9090909090909091
0.89300000000000002,54,55,0.9818181818181818,56,66,0.8484848484848485,110,121,0.9090909090909091
0.89400000000000002,54,55,0.9818181818181818,56,66,0.8484848484848485,110,121,0.9090909090909091
0.89500000000000002,54,55,0.9818181818181818,56,66,0.8484848484848485,110,121,0.9090909090909091
0.89600000000000002,54,55,0.9818181818181818,56,66,0.8484848484848485,110,121,0.9090909090909091
0.89700000000000002,54,55,0.9818181818181818,56,66,0.8484848484848485,110,121,0.9090909090909091
0.89800000000000002,54,55,0.9818181818181818,55,66,0.8333333333333334,109,121,0.9008264462809917
0.89900000000000002,54,55,0.9818181818181818,55,66,0.8333333333333334,109,121,0.9008264462809917
0.90000000000000002,54,55,0.9818181818181818,55,66,0.8333333333333334,109,121,0.9008264462809917
0.90100000000000002,54,55,0.9818181818181818,55,66,0.8333333333333334,109,121,0.9008264462809917
0.90200000000000002,54,55,0.9818181818181818,55,66,0.8333333333333334,109,121,0.9008264462809917
0.90300000000000002,54,55,0.9818181818181818,55,66,0.8333333333333334,109,121,0.9008264462809917
0.90400000000000003,54,55,0.9818181818181818,55,66,0.8333333333333334,109,121,0.9008264462809917
0.90500000000000003,54,55,0.9818181818181818,55,66,0.8333333333333334,109,121,0.9008264462809917
0.90600000000000003,54,55,0.9818181818181818,55,66,0.8333333333333334,109,121,0.9008264462809917
0.90700000000000003,54,55,0.9818181818181818,55,66,0.8333333333333334,109,121,0.9008264462809917
0.90800000000000003,54,55,0.9818181818181818,55,66,0.8333333333333334,109,121,0.9008264462809917
0.90900000000000003,54,55,0.9818181818181818,55,66,0.8333333333333334,109,121,0.9008264462809917
0.91000000000000003,54,55,0.9818181818181818,55,66,0.8333333333333334,109,121,0.9008264462809917
0.91100000000000003,55,55,1.0,55,66,0.8333333333333334,110,121,0.9090909090909091
0.91200000000000003,55,55,1.0,55,66,0.8333333333333334,110,121,0.9090909090909091
0.91300000000000003,55,55,1.0,54,66,0.8181818181818182,109,121,0.9008264462809917
0.91400000000000003,55,55,1.0,54,66,0.8181818181818182,109,121,0.9008264462809917
0.91500000000000004,55,55,1.0,54,66,0.8181818181818182,109,121,0.9008264462809917
0.91600000000000004,55,55,1.0,54,66,0.8181818181818182,109,121,0.9008264462809917
0.91700000000000004,55,55,1.0,54,66,0.8181818181818182,109,121,0.9008264462809917
0.91800000000000004,55,55,1.0,54,66,0.8181818181818182,109,121,0.9008264462809917
0.91900000000000004,55,55,1.0,54,66,0.8181818181818182,109,121,0.9008264462809917
0.92000000000000004,55,55,1.0,54,66,0.8181818181818182,109,121,0.9008264462809917
0.92100000000000004,55,55,1.0,54,66,0.8181818181818182,109,121,0.9008264462809917
0.92200000000000004,55,55,1.0,54,66,0.8181818181818182,109,121,0.9008264462809917
0.92300000000000004,55,55,1.0,54,66,0.8181818181818182,109,121,0.9008264462809917
0.92400000000000004,55,55,1.0,54,66,0.8181818181818182,109,121,0.9008264462809917
0.92500000000000004,55,55,1.0,54,66,0.8181818181818182,109,121,0.9008264462809917
0.92600000000000005,55,55,1.0,54,66,0.8181818181818182,109,121,0.9008264462809917
0.92700000000000005,55,55,1.0,54,66,0.8181818181818182,109,121,0.9008264462809917
0.92800000000000005,55,55,1.0,54,66,0.8181818181818182,109,121,0.9008264462809917
0.92900000000000005,55,55,1.0,54,66,0.8181818181818182,109,121,0.9008264462809917
0.93000000000000005,55,55,1.0,54,66,0.8181818181818182,109,121,0.9008264462809917
0.93100000000000005,55,55,1.0,54,66,0.8181818181818182,109,121,0.9008264462809917
0.93200000000000005,55,55,1.0,53,66,0.803030303030303,108,121,0.8925619834710744
0.93300000000000005,55,55,1.0,53,66,0.803030303030303,108,121,0.8925619834710744
0.93400000000000005,55,55,1.0,53,66,0.803030303030303,108,121,0.8925619834710744
0.93500000000000005,55,55,1.0,53,66,0.803030303030303,108,121,0.8925619834710744
0.93600000000000005,55,55,1.0,53,66,0.803030303030303,108,121,0.8925619834710744
0.93700000000000006,55,55,1.0,53,66,0.803030303030303,108,121,0.8925619834710744
0.93800000000000006,55,55,1.0,53,66,0.803030303030303,108,121,0.8925619834710744
0.93900000000000006,55,55,1.0,53,66,0.803030303030303,108,121,0.8925619834710744
0.94000000000000006,55,55,1.0,53,66,0.803030303030303,108,121,0.8925619834710744
0.94100000000000006,55,55,1.0,53,66,0.803030303030303,108,121,0.8925619834710744
0.94200000000000006,55,55,1.0,53,66,0.803030303030303,108,121,0.8925619834710744
0.94300000000000006,55,55,1.0,53,66,0.803030303030303,108,121,0.8925619834710744
0.94400000000000006,55,55,1.0,52,66,0.7878787878787878,107,121,0.8842975206611571
0.94500000000000006,55,55,1.0,52,66,0.7878787878787878,107,121,0.8842975206611571
0.94600000000000006,55,55,1.0,52,66,0.7878787878787878,107,121,0.8842975206611571
0.94700000000000006,55,55,1.0,52,66,0.7878787878787878,107,121,0.8842975206611571
0.94800000000000006,55,55,1.0,52,66,0.7878787878787878,107,121,0.8842975206611571
0.94900000000000007,55,55,1.0,52,66,0.7878787878787878,107,121,0.8842975206611571
0.95000000000000007,55,55,1.0,52,66,0.7878787878787878,107,121,0.8842975206611571
0.95100000000000007,55,55,1.0,52,66,0.7878787878787878,107,121,0.8842975206611571
0.95200000000000007,55,55,1.0,52,66,0.7878787878787878,107,121,0.8842975206611571
0.95300000000000007,55,55,1.0,52,66,0.7878787878787878,107,121,0.8842975206611571
0.95400000000000007,55,55,1.0,52,66,0.7878787878787878,107,121,0.8842975206611571
0.95500000000000007,55,55,1.0,52,66,0.7878787878787878,107,121,0.8842975206611571
0.95600000000000007,55,55,1.0,52,66,0.7878787878787878,107,121,0.8842975206611571
0.95700000000000007,55,55,1.0,52,66,0.7878787878787878,107,121,0.8842975206611571
0.95800000000000007,55,55,1.0,52,66,0.7878787878787878,107,121,0.8842975206611571
0.95900000000000007,55,55,1.0,52,66,0.7878787878787878,107,121,0.8842975206611571
0.95999999999999996,55,55,1.0,51,66,0.7727272727272727,106,121,0.8760330578512396
0.96099999999999997,55,55,1.0,51,66,0.7727272727272727,106,121,0.8760330578512396
0.96199999999999997,55,55,1.0,51,66,0.7727272727272727,106,121,0.8760330578512396
0.96299999999999997,55,55,1.0,51,66,0.7727272727272727,106,121,0.8760330578512396
0.96399999999999997,55,55,1.0,51,66,0.7727272727272727,106,121,0.8760330578512396
0.96499999999999997,55,55,1.0,51,66,0.7727272727272727,106,121,0.8760330578512396
0.96599999999999997,55,55,1.0,51,66,0.7727272727272727,106,121,0.8760330578512396
0.96699999999999997,55,55,1.0,51,66,0.7727272727272727,106,121,0.8760330578512396
0.96799999999999997,55,55,1.0,51,66,0.7727272727272727,106,121,0.8760330578512396
0.96899999999999997,55,55,1.0,51,66,0.7727272727272727,106,121,0.8760330578512396
0.96999999999999997,55,55,1.0,50,66,0.7575757575757576,105,121,0.8677685950413223
0.97099999999999997,55,55,1.0,50,66,0.7575757575757576,105,121,0.8677685950413223
0.97199999999999998,55,55,1.0,50,66,0.7575757575757576,105,121,0.8677685950413223
0.97299999999999998,55,55,1.0,50,66,0.7575757575757576,105,121,0.8677685950413223
0.97399999999999998,55,55,1.0,50,66,0.7575757575757576,105,121,0.8677685950413223
0.97499999999999998,55,55,1.0,50,66,0.7575757575757576,105,121,0.8677685950413223
0.97599999999999998,55,55,1.0,50,66,0.7575757575757576,105,121,0.8677685950413223
0.97699999999999998,55,55,1.0,50,66,0.7575757575757576,105,121,0.8677685950413223
0.97799999999999998,55,55,1.0,50,66,0.7575757575757576,105,121,0.8677685950413223
0.97899999999999998,55,55,1.0,50,66,0.7575757575757576,105,121,0.8677685950413223
0.97999999999999998,55,55,1.0,50,66,0.7575757575757576,105,121,0.8677685950413223
0.98099999999999998,55,55,1.0,50,66,0.7575757575757576,105,121,0.8677685950413223
0.98199999999999998,55,55,1.0,50,66,0.7575757575757576,105,121,0.8677685950413223
0.98299999999999998,55,55,1.0,50,66,0.7575757575757576,105,121,0.8677685950413223
0.98399999999999999,55,55,1.0,50,66,0.7575757575757576,105,121,0.8677685950413223
0.98499999999999999,55,55,1.0,50,66,0.7575757575757576,105,121,0.8677685950413223
0.98599999999999999,55,55,1.0,50,66,0.7575757575757576,105,121,0.8677685950413223
0.98699999999999999,55,55,1.0,50,66,0.7575757575757576,105,121,0.8677685950413223
0.98799999999999999,55,55,1.0,50,66,0.7575757575757576,105,121,0.8677685950413223
0.98899999999999999,55,55,1.0,49,66,0.7424242424242424,104,121,0.859504132231405
0.98999999999999999,55,55,1.0,49,66,0.7424242424242424,104,121,0.859504132231405
0.99099999999999999,55,55,1.0,49,66,0.7424242424242424,104,121,0.859504132231405
0.99199999999999999,55,55,1.0,48,66,0.7272727272727273,103,121,0.8512396694214877
0.99299999999999999,55,55,1.0,47,66,0.7121212121212122,102,121,0.8429752066115702
0.99399999999999999,55,55,1.0,46,66,0.696969696969697,101,121,0.8347107438016529
0.995,55,55,1.0,45,66,0.6818181818181818,100,121,0.8264462809917356
0.996,55,55,1.0,44,66,0.6666666666666666,99,121,0.8181818181818182
0.997,55,55,1.0,43,66,0.6515151515151515,98,121,0.8099173553719008
0.998,55,55,1.0,43,66,0.6515151515151515,98,121,0.8099173553719008
0.999,55,55,1.0,42,66,0.6363636363636364,97,121,0.8016528925619835
